Id	Type	PosStart	PosEnd	Remark									
条件Id	类型	起点坐标	终点坐标	参数					类型	说明	起点坐标	终点坐标	参数
Id	Type	PosStart	PosEnd	Remark									
1110	3	#	#	#					1	玩家到达指定区域	区域起点（x#y#z）	区域终点（x#y#z）	#
1111	3	#	#	#					2	玩家点击屏幕指定位置	所需点击区域起点的相对位置：|x0/X|#|y0/Y|	#	区域大小(现在只支持正方形)L
1210	4	#	#	111							主界面左上角为原点，其坐标记为（0,0），主界面的尺寸为X和Y，所需的点击区域的原点在区域（圆形为其外接正方形的左上角，这个具体要看美术给的图）的左上角，其坐标为(x0,y0)，矩形区域(现在只支持正方形)的长宽为L		
1211	2	0.093#0.135	#	219					3	进入游戏	#	#	#
1310	4	#	#	121					4	完成某引导	#	#	《GuideSetting》中的“引导ID”
1311	2	0.193#0.135	#	260					5	监听UI触发	#	#	UI文件名（打开UI编辑器”blockmango-client\res\client\tools\UIEditor.exe”,找到对应的UI文件名，在blockmango-client\res\client\Media\GUI\UI中）
