Id	Name	Desc	Icon	Price	Cube	Score	
物品id	多语言名称	多语言描述	对应Item图标	价格	魔方价格	积分	中文备注
Id	Name	Desc	Icon	Price	Cube	Score	
1	drawing_name_1	123	set:blockcity_items.json image:town_100_01	2250	23	2250	town_32_01
2	drawing_name_2	123	set:blockcity_items.json image:town_100_02	7572	76	7572	town_32_02
3	drawing_name_3	123	set:blockcity_items.json image:town_100_03	8000	81	8000	town_32_03
4	drawing_name_4	123	set:blockcity_items.json image:town_100_04	7010	71	7010	town_32_04
5	drawing_name_5	123	set:blockcity_items.json image:town_100_05	7070	71	7070	town_32_05
6	drawing_name_6	123	set:blockcity_items.json image:building_100_01	1072	11	1072	building_32_01
7	drawing_name_7	123	set:blockcity_items.json image:building_100_02	1800	19	1800	building_32_02
8	drawing_name_8	123	set:blockcity_items.json image:building_100_03	1252	13	1252	building_32_03
9	drawing_name_9	123	set:blockcity_items.json image:building_100_04	2298	23	2298	building_32_04
10	drawing_name_10	123	set:blockcity_items.json image:building_100_05	2928	30	2928	building_32_05
11	drawing_name_11	123	set:blockcity_items.json image:building_100_06	3462	35	3462	building_32_06
12	drawing_name_12	123	set:blockcity_items.json image:building_100_07	1006	11	1006	building_32_07
13	drawing_name_13	123	set:blockcity_items.json image:building_100_08	2184	22	2184	building_32_08
14	drawing_name_14	123	set:blockcity_items.json image:building_100_09	2030	21	2030	building_32_09
15	drawing_name_15	123	set:blockcity_items.json image:building_100_10	3830	39	3830	building_32_10
16	drawing_name_16	123	set:blockcity_items.json image:building_100_11	4490	45	4490	building_32_11
17	drawing_name_17	123	set:blockcity_items.json image:building_100_12	1306	14	1306	building_32_12
18	drawing_name_18	123	set:blockcity_items.json image:building_100_13	1054	11	1054	building_32_13
19	drawing_name_19	123	set:blockcity_items.json image:landscape_100_01	890	9	890	landscape_32_01
20	drawing_name_20	123	set:blockcity_items.json image:landscape_100_02	74	1	74	landscape_32_02
21	drawing_name_21	123	set:blockcity_items.json image:landscape_100_03	24	1	24	landscape_32_03
22	drawing_name_22	123	set:blockcity_items.json image:landscape_100_04	172	2	172	landscape_32_04
23	drawing_name_23	123	set:blockcity_items.json image:landscape_100_05	244	3	244	landscape_32_05
24	drawing_name_24	123	set:blockcity_items.json image:landscape_100_06	156	2	156	landscape_32_06
25	drawing_name_25	123	set:blockcity_items.json image:landscape_100_07	74	1	74	landscape_32_07
26	drawing_name_26	123	set:blockcity_items.json image:landscape_100_08	344	4	344	landscape_32_08
27	drawing_name_27	123	set:blockcity_items.json image:landscape_100_09	118	2	118	landscape_32_09
28	drawing_name_28	123	set:blockcity_items.json image:landscape_100_10	116	2	116	landscape_32_10
3100001	decoration_name_3100001	@@@	set:blockcity_items.json image:g1047_prop_1	100	2	100	洗衣机
1100002	decoration_name_1100002	@@@	set:blockcity_items.json image:g1047_prop_2	100	2	100	电脑桌
1212003	decoration_name_1212003	@@@	set:blockcity_items.json image:g1047_prop_3	200	3	200	木椅
1213004	decoration_name_1213004	@@@	set:blockcity_items.json image:g1047_prop_4	300	4	300	褐色沙发
1100005	decoration_name_1100005	@@@	set:blockcity_items.json image:g1047_prop_5	100	2	100	化妆桌
3200006	decoration_name_3200006	@@@	set:blockcity_items.json image:g1047_prop_7	100	2	100	垃圾桶
1212007	decoration_name_1212007	@@@	set:blockcity_items.json image:g1047_prop_8	300	4	300	长木椅
3200008	decoration_name_3200008	@@@	set:blockcity_items.json image:g1047_prop_9	100	2	100	气球
3200009	decoration_name_3200009	@@@	set:blockcity_items.json image:g1047_prop_10	100	2	100	洗手台
3200010	decoration_name_3200010	@@@	set:blockcity_items.json image:g1047_prop_11	100	2	100	烤箱
1213011	decoration_name_1213011	@@@	set:blockcity_items.json image:g1047_prop_12	400	5	400	长木椅
1213012	decoration_name_1213012	@@@	set:blockcity_items.json image:g1047_prop_13	400	5	400	长木椅
1213013	decoration_name_1213013	@@@	set:blockcity_items.json image:g1047_prop_14	300	4	300	蓝白长沙发
1213014	decoration_name_1213014	@@@	set:blockcity_items.json image:g1047_prop_15	300	4	300	白长沙发
1213015	decoration_name_1213015	@@@	set:blockcity_items.json image:g1047_prop_16	200	3	200	蓝白沙发
1213016	decoration_name_1213016	@@@	set:blockcity_items.json image:g1047_prop_17	200	3	200	白沙发
1212017	decoration_name_1212017	@@@	set:blockcity_items.json image:g1047_prop_18	200	3	200	绿色椅
3212018	decoration_name_3212018	@@@	set:blockcity_items.json image:g1047_prop_19	200	3	200	绿马桶
1212019	decoration_name_1212019	@@@	set:blockcity_items.json image:g1047_prop_20	200	3	200	格子椅
1212020	decoration_name_1212020	@@@	set:blockcity_items.json image:g1047_prop_21	200	3	200	红色椅
1213021	decoration_name_1213021	@@@	set:blockcity_items.json image:g1047_prop_23	300	4	300	灰色沙发
1212022	decoration_name_1212022	@@@	set:blockcity_items.json image:g1047_prop_24	200	3	200	褐色椅
1212023	decoration_name_1212023	@@@	set:blockcity_items.json image:g1047_prop_25	200	3	200	黑色椅
1213024	decoration_name_1213024	@@@	set:blockcity_items.json image:g1047_prop_26	300	4	300	爱心长沙发
1213025	decoration_name_1213025	@@@	set:blockcity_items.json image:g1047_prop_27	400	5	400	长绿椅
1213026	decoration_name_1213026	@@@	set:blockcity_items.json image:g1047_prop_28	400	5	400	长黄椅
1213027	decoration_name_1213027	@@@	set:blockcity_items.json image:g1047_prop_29	400	5	400	长棕椅
