{"frames": {

"bagpack_01":
{
	"frame": {"x":1640,"y":675,"w":176,"h":307},
	"offset": {"x":0,"y":0,"w":176,"h":307},
	"sourceSize": {"w":176,"h":307}
},
"bagpack_02":
{
	"frame": {"x":1816,"y":675,"w":176,"h":307},
	"offset": {"x":0,"y":0,"w":176,"h":307},
	"sourceSize": {"w":176,"h":307}
},
"bagpack_03":
{
	"frame": {"x":176,"y":982,"w":176,"h":307},
	"offset": {"x":0,"y":0,"w":176,"h":307},
	"sourceSize": {"w":176,"h":307}
},
"bagpack_04":
{
	"frame": {"x":1760,"y":982,"w":176,"h":307},
	"offset": {"x":0,"y":0,"w":176,"h":307},
	"sourceSize": {"w":176,"h":307}
},
"bagpack_05":
{
	"frame": {"x":1584,"y":982,"w":176,"h":307},
	"offset": {"x":0,"y":0,"w":176,"h":307},
	"sourceSize": {"w":176,"h":307}
},
"bagpack_06":
{
	"frame": {"x":1232,"y":982,"w":176,"h":307},
	"offset": {"x":0,"y":0,"w":176,"h":307},
	"sourceSize": {"w":176,"h":307}
},
"bagpack_07":
{
	"frame": {"x":1056,"y":982,"w":176,"h":307},
	"offset": {"x":0,"y":0,"w":176,"h":307},
	"sourceSize": {"w":176,"h":307}
},
"bagpack_08":
{
	"frame": {"x":704,"y":982,"w":176,"h":307},
	"offset": {"x":0,"y":0,"w":176,"h":307},
	"sourceSize": {"w":176,"h":307}
},
"bagpack_09":
{
	"frame": {"x":528,"y":982,"w":176,"h":307},
	"offset": {"x":0,"y":0,"w":176,"h":307},
	"sourceSize": {"w":176,"h":307}
},
"beak_001":
{
	"frame": {"x":1610,"y":74,"w":70,"h":74},
	"offset": {"x":0,"y":0,"w":70,"h":74},
	"sourceSize": {"w":70,"h":74}
},
"beak_002":
{
	"frame": {"x":1820,"y":74,"w":70,"h":74},
	"offset": {"x":0,"y":0,"w":70,"h":74},
	"sourceSize": {"w":70,"h":74}
},
"beak_003":
{
	"frame": {"x":1680,"y":74,"w":70,"h":74},
	"offset": {"x":0,"y":0,"w":70,"h":74},
	"sourceSize": {"w":70,"h":74}
},
"beak_004":
{
	"frame": {"x":1750,"y":74,"w":70,"h":74},
	"offset": {"x":0,"y":0,"w":70,"h":74},
	"sourceSize": {"w":70,"h":74}
},
"body_10101":
{
	"frame": {"x":0,"y":327,"w":100,"h":104},
	"offset": {"x":0,"y":0,"w":100,"h":104},
	"sourceSize": {"w":100,"h":104}
},
"body_10102":
{
	"frame": {"x":600,"y":327,"w":100,"h":104},
	"offset": {"x":0,"y":0,"w":100,"h":104},
	"sourceSize": {"w":100,"h":104}
},
"body_10103":
{
	"frame": {"x":1100,"y":327,"w":100,"h":104},
	"offset": {"x":0,"y":0,"w":100,"h":104},
	"sourceSize": {"w":100,"h":104}
},
"body_10201":
{
	"frame": {"x":1300,"y":327,"w":100,"h":104},
	"offset": {"x":0,"y":0,"w":100,"h":104},
	"sourceSize": {"w":100,"h":104}
},
"body_10202":
{
	"frame": {"x":400,"y":327,"w":100,"h":104},
	"offset": {"x":0,"y":0,"w":100,"h":104},
	"sourceSize": {"w":100,"h":104}
},
"body_10203":
{
	"frame": {"x":1400,"y":327,"w":100,"h":104},
	"offset": {"x":0,"y":0,"w":100,"h":104},
	"sourceSize": {"w":100,"h":104}
},
"body_10301":
{
	"frame": {"x":1500,"y":327,"w":100,"h":104},
	"offset": {"x":0,"y":0,"w":100,"h":104},
	"sourceSize": {"w":100,"h":104}
},
"body_10302":
{
	"frame": {"x":1200,"y":327,"w":100,"h":104},
	"offset": {"x":0,"y":0,"w":100,"h":104},
	"sourceSize": {"w":100,"h":104}
},
"body_10303":
{
	"frame": {"x":1000,"y":327,"w":100,"h":104},
	"offset": {"x":0,"y":0,"w":100,"h":104},
	"sourceSize": {"w":100,"h":104}
},
"body_10401":
{
	"frame": {"x":500,"y":327,"w":100,"h":104},
	"offset": {"x":0,"y":0,"w":100,"h":104},
	"sourceSize": {"w":100,"h":104}
},
"body_10402":
{
	"frame": {"x":700,"y":327,"w":100,"h":104},
	"offset": {"x":0,"y":0,"w":100,"h":104},
	"sourceSize": {"w":100,"h":104}
},
"body_10403":
{
	"frame": {"x":900,"y":327,"w":100,"h":104},
	"offset": {"x":0,"y":0,"w":100,"h":104},
	"sourceSize": {"w":100,"h":104}
},
"body_20101":
{
	"frame": {"x":800,"y":327,"w":100,"h":104},
	"offset": {"x":0,"y":0,"w":100,"h":104},
	"sourceSize": {"w":100,"h":104}
},
"body_20102":
{
	"frame": {"x":1393,"y":223,"w":100,"h":104},
	"offset": {"x":0,"y":0,"w":100,"h":104},
	"sourceSize": {"w":100,"h":104}
},
"body_20103":
{
	"frame": {"x":1593,"y":223,"w":100,"h":104},
	"offset": {"x":0,"y":0,"w":100,"h":104},
	"sourceSize": {"w":100,"h":104}
},
"body_20201":
{
	"frame": {"x":1293,"y":223,"w":100,"h":104},
	"offset": {"x":0,"y":0,"w":100,"h":104},
	"sourceSize": {"w":100,"h":104}
},
"body_20202":
{
	"frame": {"x":1493,"y":223,"w":100,"h":104},
	"offset": {"x":0,"y":0,"w":100,"h":104},
	"sourceSize": {"w":100,"h":104}
},
"body_20203":
{
	"frame": {"x":1893,"y":223,"w":100,"h":104},
	"offset": {"x":0,"y":0,"w":100,"h":104},
	"sourceSize": {"w":100,"h":104}
},
"body_20301":
{
	"frame": {"x":200,"y":327,"w":100,"h":104},
	"offset": {"x":0,"y":0,"w":100,"h":104},
	"sourceSize": {"w":100,"h":104}
},
"body_20302":
{
	"frame": {"x":100,"y":327,"w":100,"h":104},
	"offset": {"x":0,"y":0,"w":100,"h":104},
	"sourceSize": {"w":100,"h":104}
},
"body_20303":
{
	"frame": {"x":300,"y":327,"w":100,"h":104},
	"offset": {"x":0,"y":0,"w":100,"h":104},
	"sourceSize": {"w":100,"h":104}
},
"body_20401":
{
	"frame": {"x":1693,"y":223,"w":100,"h":104},
	"offset": {"x":0,"y":0,"w":100,"h":104},
	"sourceSize": {"w":100,"h":104}
},
"body_20402":
{
	"frame": {"x":1793,"y":223,"w":100,"h":104},
	"offset": {"x":0,"y":0,"w":100,"h":104},
	"sourceSize": {"w":100,"h":104}
},
"body_20403":
{
	"frame": {"x":1600,"y":327,"w":100,"h":104},
	"offset": {"x":0,"y":0,"w":100,"h":104},
	"sourceSize": {"w":100,"h":104}
},
"body_30101":
{
	"frame": {"x":100,"y":431,"w":100,"h":104},
	"offset": {"x":0,"y":0,"w":100,"h":104},
	"sourceSize": {"w":100,"h":104}
},
"body_30102":
{
	"frame": {"x":1400,"y":431,"w":100,"h":104},
	"offset": {"x":0,"y":0,"w":100,"h":104},
	"sourceSize": {"w":100,"h":104}
},
"body_30103":
{
	"frame": {"x":1500,"y":431,"w":100,"h":104},
	"offset": {"x":0,"y":0,"w":100,"h":104},
	"sourceSize": {"w":100,"h":104}
},
"body_30201":
{
	"frame": {"x":1700,"y":327,"w":100,"h":104},
	"offset": {"x":0,"y":0,"w":100,"h":104},
	"sourceSize": {"w":100,"h":104}
},
"body_30202":
{
	"frame": {"x":1600,"y":431,"w":100,"h":104},
	"offset": {"x":0,"y":0,"w":100,"h":104},
	"sourceSize": {"w":100,"h":104}
},
"body_30203":
{
	"frame": {"x":1200,"y":431,"w":100,"h":104},
	"offset": {"x":0,"y":0,"w":100,"h":104},
	"sourceSize": {"w":100,"h":104}
},
"body_30301":
{
	"frame": {"x":1800,"y":431,"w":100,"h":104},
	"offset": {"x":0,"y":0,"w":100,"h":104},
	"sourceSize": {"w":100,"h":104}
},
"body_30302":
{
	"frame": {"x":100,"y":535,"w":100,"h":104},
	"offset": {"x":0,"y":0,"w":100,"h":104},
	"sourceSize": {"w":100,"h":104}
},
"body_30303":
{
	"frame": {"x":0,"y":535,"w":100,"h":104},
	"offset": {"x":0,"y":0,"w":100,"h":104},
	"sourceSize": {"w":100,"h":104}
},
"body_30401":
{
	"frame": {"x":1900,"y":431,"w":100,"h":104},
	"offset": {"x":0,"y":0,"w":100,"h":104},
	"sourceSize": {"w":100,"h":104}
},
"body_30402":
{
	"frame": {"x":1700,"y":431,"w":100,"h":104},
	"offset": {"x":0,"y":0,"w":100,"h":104},
	"sourceSize": {"w":100,"h":104}
},
"body_30403":
{
	"frame": {"x":1193,"y":223,"w":100,"h":103},
	"offset": {"x":0,"y":0,"w":100,"h":103},
	"sourceSize": {"w":100,"h":103}
},
"body_40101":
{
	"frame": {"x":1100,"y":431,"w":100,"h":104},
	"offset": {"x":0,"y":0,"w":100,"h":104},
	"sourceSize": {"w":100,"h":104}
},
"body_40102":
{
	"frame": {"x":1900,"y":327,"w":100,"h":104},
	"offset": {"x":0,"y":0,"w":100,"h":104},
	"sourceSize": {"w":100,"h":104}
},
"body_40103":
{
	"frame": {"x":1000,"y":431,"w":100,"h":104},
	"offset": {"x":0,"y":0,"w":100,"h":104},
	"sourceSize": {"w":100,"h":104}
},
"body_40201":
{
	"frame": {"x":200,"y":431,"w":100,"h":104},
	"offset": {"x":0,"y":0,"w":100,"h":104},
	"sourceSize": {"w":100,"h":104}
},
"body_40202":
{
	"frame": {"x":0,"y":431,"w":100,"h":104},
	"offset": {"x":0,"y":0,"w":100,"h":104},
	"sourceSize": {"w":100,"h":104}
},
"body_40203":
{
	"frame": {"x":1800,"y":327,"w":100,"h":104},
	"offset": {"x":0,"y":0,"w":100,"h":104},
	"sourceSize": {"w":100,"h":104}
},
"body_40301":
{
	"frame": {"x":300,"y":431,"w":100,"h":104},
	"offset": {"x":0,"y":0,"w":100,"h":104},
	"sourceSize": {"w":100,"h":104}
},
"body_40302":
{
	"frame": {"x":500,"y":431,"w":100,"h":104},
	"offset": {"x":0,"y":0,"w":100,"h":104},
	"sourceSize": {"w":100,"h":104}
},
"body_40303":
{
	"frame": {"x":800,"y":431,"w":100,"h":104},
	"offset": {"x":0,"y":0,"w":100,"h":104},
	"sourceSize": {"w":100,"h":104}
},
"body_40401":
{
	"frame": {"x":700,"y":431,"w":100,"h":104},
	"offset": {"x":0,"y":0,"w":100,"h":104},
	"sourceSize": {"w":100,"h":104}
},
"body_40402":
{
	"frame": {"x":900,"y":431,"w":100,"h":104},
	"offset": {"x":0,"y":0,"w":100,"h":104},
	"sourceSize": {"w":100,"h":104}
},
"body_40403":
{
	"frame": {"x":600,"y":431,"w":100,"h":104},
	"offset": {"x":0,"y":0,"w":100,"h":104},
	"sourceSize": {"w":100,"h":104}
},
"body_event01":
{
	"frame": {"x":400,"y":431,"w":100,"h":104},
	"offset": {"x":0,"y":0,"w":100,"h":104},
	"sourceSize": {"w":100,"h":104}
},
"eggs_30":
{
	"frame": {"x":626,"y":223,"w":81,"h":85},
	"offset": {"x":0,"y":0,"w":81,"h":85},
	"sourceSize": {"w":81,"h":85}
},
"eggs_31":
{
	"frame": {"x":788,"y":223,"w":81,"h":85},
	"offset": {"x":0,"y":0,"w":81,"h":85},
	"sourceSize": {"w":81,"h":85}
},
"eggs_32":
{
	"frame": {"x":707,"y":223,"w":81,"h":85},
	"offset": {"x":0,"y":0,"w":81,"h":85},
	"sourceSize": {"w":81,"h":85}
},
"eggs_33":
{
	"frame": {"x":545,"y":223,"w":81,"h":85},
	"offset": {"x":0,"y":0,"w":81,"h":85},
	"sourceSize": {"w":81,"h":85}
},
"eggs_34":
{
	"frame": {"x":464,"y":223,"w":81,"h":85},
	"offset": {"x":0,"y":0,"w":81,"h":85},
	"sourceSize": {"w":81,"h":85}
},
"eggs_35":
{
	"frame": {"x":950,"y":223,"w":81,"h":85},
	"offset": {"x":0,"y":0,"w":81,"h":85},
	"sourceSize": {"w":81,"h":85}
},
"eggs_36":
{
	"frame": {"x":1112,"y":223,"w":81,"h":85},
	"offset": {"x":0,"y":0,"w":81,"h":85},
	"sourceSize": {"w":81,"h":85}
},
"eggs_37":
{
	"frame": {"x":1031,"y":223,"w":81,"h":85},
	"offset": {"x":0,"y":0,"w":81,"h":85},
	"sourceSize": {"w":81,"h":85}
},
"eggs_38":
{
	"frame": {"x":869,"y":223,"w":81,"h":85},
	"offset": {"x":0,"y":0,"w":81,"h":85},
	"sourceSize": {"w":81,"h":85}
},
"g1041_coin_01":
{
	"frame": {"x":160,"y":0,"w":32,"h":32},
	"offset": {"x":0,"y":0,"w":32,"h":32},
	"sourceSize": {"w":32,"h":32}
},
"g1041_coin_02":
{
	"frame": {"x":192,"y":0,"w":32,"h":32},
	"offset": {"x":0,"y":0,"w":32,"h":32},
	"sourceSize": {"w":32,"h":32}
},
"g1041_coin_03":
{
	"frame": {"x":0,"y":0,"w":32,"h":32},
	"offset": {"x":0,"y":0,"w":32,"h":32},
	"sourceSize": {"w":32,"h":32}
},
"g1041_coin_04":
{
	"frame": {"x":32,"y":0,"w":32,"h":32},
	"offset": {"x":0,"y":0,"w":32,"h":32},
	"sourceSize": {"w":32,"h":32}
},
"g1041_coin_05":
{
	"frame": {"x":128,"y":0,"w":32,"h":32},
	"offset": {"x":0,"y":0,"w":32,"h":32},
	"sourceSize": {"w":32,"h":32}
},
"g1041_coin_06":
{
	"frame": {"x":96,"y":0,"w":32,"h":32},
	"offset": {"x":0,"y":0,"w":32,"h":32},
	"sourceSize": {"w":32,"h":32}
},
"g1041_coin_07":
{
	"frame": {"x":64,"y":0,"w":32,"h":32},
	"offset": {"x":0,"y":0,"w":32,"h":32},
	"sourceSize": {"w":32,"h":32}
},
"g1041_coin_09":
{
	"frame": {"x":560,"y":74,"w":70,"h":74},
	"offset": {"x":0,"y":0,"w":70,"h":74},
	"sourceSize": {"w":70,"h":74}
},
"g1041_coin_10":
{
	"frame": {"x":700,"y":74,"w":70,"h":74},
	"offset": {"x":0,"y":0,"w":70,"h":74},
	"sourceSize": {"w":70,"h":74}
},
"g1041_coin_11":
{
	"frame": {"x":840,"y":74,"w":70,"h":74},
	"offset": {"x":0,"y":0,"w":70,"h":74},
	"sourceSize": {"w":70,"h":74}
},
"g1041_coin_12":
{
	"frame": {"x":910,"y":74,"w":70,"h":74},
	"offset": {"x":0,"y":0,"w":70,"h":74},
	"sourceSize": {"w":70,"h":74}
},
"g1041_coin_13":
{
	"frame": {"x":770,"y":74,"w":70,"h":74},
	"offset": {"x":0,"y":0,"w":70,"h":74},
	"sourceSize": {"w":70,"h":74}
},
"g1041_coin_14":
{
	"frame": {"x":630,"y":74,"w":70,"h":74},
	"offset": {"x":0,"y":0,"w":70,"h":74},
	"sourceSize": {"w":70,"h":74}
},
"g1041_coin_15":
{
	"frame": {"x":280,"y":74,"w":70,"h":74},
	"offset": {"x":0,"y":0,"w":70,"h":74},
	"sourceSize": {"w":70,"h":74}
},
"g1041_coin_16":
{
	"frame": {"x":210,"y":74,"w":70,"h":74},
	"offset": {"x":0,"y":0,"w":70,"h":74},
	"sourceSize": {"w":70,"h":74}
},
"g1041_glasses_13":
{
	"frame": {"x":1764,"y":0,"w":70,"h":74},
	"offset": {"x":0,"y":0,"w":70,"h":74},
	"sourceSize": {"w":70,"h":74}
},
"g1041_glasses_14":
{
	"frame": {"x":1834,"y":0,"w":70,"h":74},
	"offset": {"x":0,"y":0,"w":70,"h":74},
	"sourceSize": {"w":70,"h":74}
},
"g1041_glasses_15":
{
	"frame": {"x":1694,"y":0,"w":70,"h":74},
	"offset": {"x":0,"y":0,"w":70,"h":74},
	"sourceSize": {"w":70,"h":74}
},
"g1041_glasses_16":
{
	"frame": {"x":1904,"y":0,"w":70,"h":74},
	"offset": {"x":0,"y":0,"w":70,"h":74},
	"sourceSize": {"w":70,"h":74}
},
"g1041_glasses_17":
{
	"frame": {"x":1974,"y":0,"w":70,"h":74},
	"offset": {"x":0,"y":0,"w":70,"h":74},
	"sourceSize": {"w":70,"h":74}
},
"g1041_glasses_18":
{
	"frame": {"x":70,"y":74,"w":70,"h":74},
	"offset": {"x":0,"y":0,"w":70,"h":74},
	"sourceSize": {"w":70,"h":74}
},
"g1041_glasses_19":
{
	"frame": {"x":140,"y":74,"w":70,"h":74},
	"offset": {"x":0,"y":0,"w":70,"h":74},
	"sourceSize": {"w":70,"h":74}
},
"g1041_glasses_20":
{
	"frame": {"x":0,"y":74,"w":70,"h":74},
	"offset": {"x":0,"y":0,"w":70,"h":74},
	"sourceSize": {"w":70,"h":74}
},
"g1041_glasses_21":
{
	"frame": {"x":1554,"y":0,"w":70,"h":74},
	"offset": {"x":0,"y":0,"w":70,"h":74},
	"sourceSize": {"w":70,"h":74}
},
"g1041_glasses_22":
{
	"frame": {"x":1470,"y":74,"w":70,"h":74},
	"offset": {"x":0,"y":0,"w":70,"h":74},
	"sourceSize": {"w":70,"h":74}
},
"g1041_glasses_23":
{
	"frame": {"x":350,"y":74,"w":70,"h":74},
	"offset": {"x":0,"y":0,"w":70,"h":74},
	"sourceSize": {"w":70,"h":74}
},
"g1041_glasses_24":
{
	"frame": {"x":490,"y":74,"w":70,"h":74},
	"offset": {"x":0,"y":0,"w":70,"h":74},
	"sourceSize": {"w":70,"h":74}
},
"g1041_glasses_25":
{
	"frame": {"x":420,"y":74,"w":70,"h":74},
	"offset": {"x":0,"y":0,"w":70,"h":74},
	"sourceSize": {"w":70,"h":74}
},
"g1041_glasses_26":
{
	"frame": {"x":1624,"y":0,"w":70,"h":74},
	"offset": {"x":0,"y":0,"w":70,"h":74},
	"sourceSize": {"w":70,"h":74}
},
"g1041_glasses_27":
{
	"frame": {"x":504,"y":0,"w":70,"h":74},
	"offset": {"x":0,"y":0,"w":70,"h":74},
	"sourceSize": {"w":70,"h":74}
},
"g1041_glasses_28":
{
	"frame": {"x":434,"y":0,"w":70,"h":74},
	"offset": {"x":0,"y":0,"w":70,"h":74},
	"sourceSize": {"w":70,"h":74}
},
"g1041_hat_13":
{
	"frame": {"x":574,"y":0,"w":70,"h":74},
	"offset": {"x":0,"y":0,"w":70,"h":74},
	"sourceSize": {"w":70,"h":74}
},
"g1041_hat_14":
{
	"frame": {"x":364,"y":0,"w":70,"h":74},
	"offset": {"x":0,"y":0,"w":70,"h":74},
	"sourceSize": {"w":70,"h":74}
},
"g1041_hat_15":
{
	"frame": {"x":224,"y":0,"w":70,"h":74},
	"offset": {"x":0,"y":0,"w":70,"h":74},
	"sourceSize": {"w":70,"h":74}
},
"g1041_hat_16":
{
	"frame": {"x":294,"y":0,"w":70,"h":74},
	"offset": {"x":0,"y":0,"w":70,"h":74},
	"sourceSize": {"w":70,"h":74}
},
"g1041_hat_17":
{
	"frame": {"x":644,"y":0,"w":70,"h":74},
	"offset": {"x":0,"y":0,"w":70,"h":74},
	"sourceSize": {"w":70,"h":74}
},
"g1041_hat_18":
{
	"frame": {"x":784,"y":0,"w":70,"h":74},
	"offset": {"x":0,"y":0,"w":70,"h":74},
	"sourceSize": {"w":70,"h":74}
},
"g1041_hat_19":
{
	"frame": {"x":1134,"y":0,"w":70,"h":74},
	"offset": {"x":0,"y":0,"w":70,"h":74},
	"sourceSize": {"w":70,"h":74}
},
"g1041_hat_20":
{
	"frame": {"x":1274,"y":0,"w":70,"h":74},
	"offset": {"x":0,"y":0,"w":70,"h":74},
	"sourceSize": {"w":70,"h":74}
},
"g1041_hat_21":
{
	"frame": {"x":1484,"y":0,"w":70,"h":74},
	"offset": {"x":0,"y":0,"w":70,"h":74},
	"sourceSize": {"w":70,"h":74}
},
"g1041_hat_22":
{
	"frame": {"x":1344,"y":0,"w":70,"h":74},
	"offset": {"x":0,"y":0,"w":70,"h":74},
	"sourceSize": {"w":70,"h":74}
},
"g1041_hat_23":
{
	"frame": {"x":1414,"y":0,"w":70,"h":74},
	"offset": {"x":0,"y":0,"w":70,"h":74},
	"sourceSize": {"w":70,"h":74}
},
"g1041_hat_24":
{
	"frame": {"x":1204,"y":0,"w":70,"h":74},
	"offset": {"x":0,"y":0,"w":70,"h":74},
	"sourceSize": {"w":70,"h":74}
},
"g1041_hat_25":
{
	"frame": {"x":1064,"y":0,"w":70,"h":74},
	"offset": {"x":0,"y":0,"w":70,"h":74},
	"sourceSize": {"w":70,"h":74}
},
"g1041_hat_26":
{
	"frame": {"x":714,"y":0,"w":70,"h":74},
	"offset": {"x":0,"y":0,"w":70,"h":74},
	"sourceSize": {"w":70,"h":74}
},
"g1041_hat_27":
{
	"frame": {"x":854,"y":0,"w":70,"h":74},
	"offset": {"x":0,"y":0,"w":70,"h":74},
	"sourceSize": {"w":70,"h":74}
},
"g1041_hat_28":
{
	"frame": {"x":994,"y":0,"w":70,"h":74},
	"offset": {"x":0,"y":0,"w":70,"h":74},
	"sourceSize": {"w":70,"h":74}
},
"glasses_001":
{
	"frame": {"x":924,"y":0,"w":70,"h":74},
	"offset": {"x":0,"y":0,"w":70,"h":74},
	"sourceSize": {"w":70,"h":74}
},
"glasses_002":
{
	"frame": {"x":980,"y":74,"w":70,"h":74},
	"offset": {"x":0,"y":0,"w":70,"h":74},
	"sourceSize": {"w":70,"h":74}
},
"glasses_003":
{
	"frame": {"x":1890,"y":74,"w":70,"h":74},
	"offset": {"x":0,"y":0,"w":70,"h":74},
	"sourceSize": {"w":70,"h":74}
},
"glasses_004":
{
	"frame": {"x":210,"y":148,"w":70,"h":74},
	"offset": {"x":0,"y":0,"w":70,"h":74},
	"sourceSize": {"w":70,"h":74}
},
"glasses_005":
{
	"frame": {"x":140,"y":148,"w":70,"h":74},
	"offset": {"x":0,"y":0,"w":70,"h":74},
	"sourceSize": {"w":70,"h":74}
},
"glasses_006":
{
	"frame": {"x":280,"y":148,"w":70,"h":74},
	"offset": {"x":0,"y":0,"w":70,"h":74},
	"sourceSize": {"w":70,"h":74}
},
"glasses_007":
{
	"frame": {"x":70,"y":148,"w":70,"h":74},
	"offset": {"x":0,"y":0,"w":70,"h":74},
	"sourceSize": {"w":70,"h":74}
},
"glasses_008":
{
	"frame": {"x":1960,"y":74,"w":70,"h":74},
	"offset": {"x":0,"y":0,"w":70,"h":74},
	"sourceSize": {"w":70,"h":74}
},
"glasses_009":
{
	"frame": {"x":0,"y":148,"w":70,"h":74},
	"offset": {"x":0,"y":0,"w":70,"h":74},
	"sourceSize": {"w":70,"h":74}
},
"glasses_010":
{
	"frame": {"x":770,"y":148,"w":70,"h":74},
	"offset": {"x":0,"y":0,"w":70,"h":74},
	"sourceSize": {"w":70,"h":74}
},
"glasses_011":
{
	"frame": {"x":1300,"y":431,"w":100,"h":104},
	"offset": {"x":0,"y":0,"w":100,"h":104},
	"sourceSize": {"w":100,"h":104}
},
"glasses_012":
{
	"frame": {"x":700,"y":148,"w":70,"h":74},
	"offset": {"x":0,"y":0,"w":70,"h":74},
	"sourceSize": {"w":70,"h":74}
},
"hat_001":
{
	"frame": {"x":420,"y":148,"w":70,"h":74},
	"offset": {"x":0,"y":0,"w":70,"h":74},
	"sourceSize": {"w":70,"h":74}
},
"hat_002":
{
	"frame": {"x":490,"y":148,"w":70,"h":74},
	"offset": {"x":0,"y":0,"w":70,"h":74},
	"sourceSize": {"w":70,"h":74}
},
"hat_003":
{
	"frame": {"x":630,"y":148,"w":70,"h":74},
	"offset": {"x":0,"y":0,"w":70,"h":74},
	"sourceSize": {"w":70,"h":74}
},
"hat_004":
{
	"frame": {"x":560,"y":148,"w":70,"h":74},
	"offset": {"x":0,"y":0,"w":70,"h":74},
	"sourceSize": {"w":70,"h":74}
},
"hat_005":
{
	"frame": {"x":350,"y":148,"w":70,"h":74},
	"offset": {"x":0,"y":0,"w":70,"h":74},
	"sourceSize": {"w":70,"h":74}
},
"hat_006":
{
	"frame": {"x":1120,"y":74,"w":70,"h":74},
	"offset": {"x":0,"y":0,"w":70,"h":74},
	"sourceSize": {"w":70,"h":74}
},
"hat_007":
{
	"frame": {"x":1260,"y":74,"w":70,"h":74},
	"offset": {"x":0,"y":0,"w":70,"h":74},
	"sourceSize": {"w":70,"h":74}
},
"hat_008":
{
	"frame": {"x":1330,"y":74,"w":70,"h":74},
	"offset": {"x":0,"y":0,"w":70,"h":74},
	"sourceSize": {"w":70,"h":74}
},
"hat_009":
{
	"frame": {"x":1190,"y":74,"w":70,"h":74},
	"offset": {"x":0,"y":0,"w":70,"h":74},
	"sourceSize": {"w":70,"h":74}
},
"hat_010":
{
	"frame": {"x":1050,"y":74,"w":70,"h":74},
	"offset": {"x":0,"y":0,"w":70,"h":74},
	"sourceSize": {"w":70,"h":74}
},
"hat_011":
{
	"frame": {"x":1400,"y":74,"w":70,"h":74},
	"offset": {"x":0,"y":0,"w":70,"h":74},
	"sourceSize": {"w":70,"h":74}
},
"hat_012":
{
	"frame": {"x":1540,"y":74,"w":70,"h":74},
	"offset": {"x":0,"y":0,"w":70,"h":74},
	"sourceSize": {"w":70,"h":74}
},
"nearyear":
{
	"frame": {"x":140,"y":223,"w":81,"h":85},
	"offset": {"x":0,"y":0,"w":81,"h":85},
	"sourceSize": {"w":81,"h":85}
},
"storeitem_01":
{
	"frame": {"x":512,"y":535,"w":156,"h":140},
	"offset": {"x":0,"y":0,"w":156,"h":140},
	"sourceSize": {"w":156,"h":140}
},
"storeitem_02":
{
	"frame": {"x":1292,"y":535,"w":156,"h":140},
	"offset": {"x":0,"y":0,"w":156,"h":140},
	"sourceSize": {"w":156,"h":140}
},
"storeitem_03":
{
	"frame": {"x":1136,"y":535,"w":156,"h":140},
	"offset": {"x":0,"y":0,"w":156,"h":140},
	"sourceSize": {"w":156,"h":140}
},
"storeitem_04":
{
	"frame": {"x":1448,"y":535,"w":156,"h":140},
	"offset": {"x":0,"y":0,"w":156,"h":140},
	"sourceSize": {"w":156,"h":140}
},
"storeitem_05":
{
	"frame": {"x":980,"y":535,"w":156,"h":140},
	"offset": {"x":0,"y":0,"w":156,"h":140},
	"sourceSize": {"w":156,"h":140}
},
"storeitem_06":
{
	"frame": {"x":668,"y":535,"w":156,"h":140},
	"offset": {"x":0,"y":0,"w":156,"h":140},
	"sourceSize": {"w":156,"h":140}
},
"storeitem_07":
{
	"frame": {"x":824,"y":535,"w":156,"h":140},
	"offset": {"x":0,"y":0,"w":156,"h":140},
	"sourceSize": {"w":156,"h":140}
},
"storeitem_08":
{
	"frame": {"x":312,"y":675,"w":156,"h":140},
	"offset": {"x":0,"y":0,"w":156,"h":140},
	"sourceSize": {"w":156,"h":140}
},
"storeitem_09":
{
	"frame": {"x":468,"y":675,"w":156,"h":140},
	"offset": {"x":0,"y":0,"w":156,"h":140},
	"sourceSize": {"w":156,"h":140}
},
"storeitem_10":
{
	"frame": {"x":780,"y":675,"w":156,"h":140},
	"offset": {"x":0,"y":0,"w":156,"h":140},
	"sourceSize": {"w":156,"h":140}
},
"storeitem_11":
{
	"frame": {"x":624,"y":675,"w":156,"h":140},
	"offset": {"x":0,"y":0,"w":156,"h":140},
	"sourceSize": {"w":156,"h":140}
},
"storeitem_12":
{
	"frame": {"x":156,"y":675,"w":156,"h":140},
	"offset": {"x":0,"y":0,"w":156,"h":140},
	"sourceSize": {"w":156,"h":140}
},
"storeitem_13":
{
	"frame": {"x":0,"y":675,"w":156,"h":140},
	"offset": {"x":0,"y":0,"w":156,"h":140},
	"sourceSize": {"w":156,"h":140}
},
"storeitem_14":
{
	"frame": {"x":1760,"y":535,"w":156,"h":140},
	"offset": {"x":0,"y":0,"w":156,"h":140},
	"sourceSize": {"w":156,"h":140}
},
"storeitem_15":
{
	"frame": {"x":1604,"y":535,"w":156,"h":140},
	"offset": {"x":0,"y":0,"w":156,"h":140},
	"sourceSize": {"w":156,"h":140}
},
"storeitem_16":
{
	"frame": {"x":356,"y":535,"w":156,"h":140},
	"offset": {"x":0,"y":0,"w":156,"h":140},
	"sourceSize": {"w":156,"h":140}
},
"storeitem_17":
{
	"frame": {"x":200,"y":535,"w":156,"h":140},
	"offset": {"x":0,"y":0,"w":156,"h":140},
	"sourceSize": {"w":156,"h":140}
},
"taileffect_01":
{
	"frame": {"x":910,"y":148,"w":70,"h":75},
	"offset": {"x":0,"y":0,"w":70,"h":75},
	"sourceSize": {"w":70,"h":75}
},
"taileffect_02":
{
	"frame": {"x":1470,"y":148,"w":70,"h":75},
	"offset": {"x":0,"y":0,"w":70,"h":75},
	"sourceSize": {"w":70,"h":75}
},
"taileffect_03":
{
	"frame": {"x":1050,"y":148,"w":70,"h":75},
	"offset": {"x":0,"y":0,"w":70,"h":75},
	"sourceSize": {"w":70,"h":75}
},
"taileffect_04":
{
	"frame": {"x":980,"y":148,"w":70,"h":75},
	"offset": {"x":0,"y":0,"w":70,"h":75},
	"sourceSize": {"w":70,"h":75}
},
"taileffect_05":
{
	"frame": {"x":1680,"y":148,"w":70,"h":75},
	"offset": {"x":0,"y":0,"w":70,"h":75},
	"sourceSize": {"w":70,"h":75}
},
"taileffect_06":
{
	"frame": {"x":1750,"y":148,"w":70,"h":75},
	"offset": {"x":0,"y":0,"w":70,"h":75},
	"sourceSize": {"w":70,"h":75}
},
"taileffect_07":
{
	"frame": {"x":1820,"y":148,"w":70,"h":75},
	"offset": {"x":0,"y":0,"w":70,"h":75},
	"sourceSize": {"w":70,"h":75}
},
"taileffect_08":
{
	"frame": {"x":1610,"y":148,"w":70,"h":75},
	"offset": {"x":0,"y":0,"w":70,"h":75},
	"sourceSize": {"w":70,"h":75}
},
"taileffect_09":
{
	"frame": {"x":1540,"y":148,"w":70,"h":75},
	"offset": {"x":0,"y":0,"w":70,"h":75},
	"sourceSize": {"w":70,"h":75}
},
"taileffect_10":
{
	"frame": {"x":0,"y":223,"w":70,"h":75},
	"offset": {"x":0,"y":0,"w":70,"h":75},
	"sourceSize": {"w":70,"h":75}
},
"taileffect_11":
{
	"frame": {"x":70,"y":223,"w":70,"h":75},
	"offset": {"x":0,"y":0,"w":70,"h":75},
	"sourceSize": {"w":70,"h":75}
},
"taileffect_12":
{
	"frame": {"x":1960,"y":148,"w":70,"h":75},
	"offset": {"x":0,"y":0,"w":70,"h":75},
	"sourceSize": {"w":70,"h":75}
},
"taileffect_13":
{
	"frame": {"x":1890,"y":148,"w":70,"h":75},
	"offset": {"x":0,"y":0,"w":70,"h":75},
	"sourceSize": {"w":70,"h":75}
},
"taileffect_14":
{
	"frame": {"x":840,"y":148,"w":70,"h":75},
	"offset": {"x":0,"y":0,"w":70,"h":75},
	"sourceSize": {"w":70,"h":75}
},
"taileffect_15":
{
	"frame": {"x":1120,"y":148,"w":70,"h":75},
	"offset": {"x":0,"y":0,"w":70,"h":75},
	"sourceSize": {"w":70,"h":75}
},
"taileffect_16":
{
	"frame": {"x":1190,"y":148,"w":70,"h":75},
	"offset": {"x":0,"y":0,"w":70,"h":75},
	"sourceSize": {"w":70,"h":75}
},
"taileffect_17":
{
	"frame": {"x":1330,"y":148,"w":70,"h":75},
	"offset": {"x":0,"y":0,"w":70,"h":75},
	"sourceSize": {"w":70,"h":75}
},
"taileffect_18":
{
	"frame": {"x":1400,"y":148,"w":70,"h":75},
	"offset": {"x":0,"y":0,"w":70,"h":75},
	"sourceSize": {"w":70,"h":75}
},
"taileffect_19":
{
	"frame": {"x":1260,"y":148,"w":70,"h":75},
	"offset": {"x":0,"y":0,"w":70,"h":75},
	"sourceSize": {"w":70,"h":75}
},
"weapon1":
{
	"frame": {"x":1408,"y":982,"w":176,"h":307},
	"offset": {"x":0,"y":0,"w":176,"h":307},
	"sourceSize": {"w":176,"h":307}
},
"weapon2":
{
	"frame": {"x":880,"y":982,"w":176,"h":307},
	"offset": {"x":0,"y":0,"w":176,"h":307},
	"sourceSize": {"w":176,"h":307}
},
"weapon3":
{
	"frame": {"x":352,"y":982,"w":176,"h":307},
	"offset": {"x":0,"y":0,"w":176,"h":307},
	"sourceSize": {"w":176,"h":307}
},
"weapon4":
{
	"frame": {"x":1288,"y":675,"w":176,"h":307},
	"offset": {"x":0,"y":0,"w":176,"h":307},
	"sourceSize": {"w":176,"h":307}
},
"weapon5":
{
	"frame": {"x":1112,"y":675,"w":176,"h":307},
	"offset": {"x":0,"y":0,"w":176,"h":307},
	"sourceSize": {"w":176,"h":307}
},
"weapon6":
{
	"frame": {"x":936,"y":675,"w":176,"h":307},
	"offset": {"x":0,"y":0,"w":176,"h":307},
	"sourceSize": {"w":176,"h":307}
},
"weapon7":
{
	"frame": {"x":1464,"y":675,"w":176,"h":307},
	"offset": {"x":0,"y":0,"w":176,"h":307},
	"sourceSize": {"w":176,"h":307}
},
"weapon8":
{
	"frame": {"x":0,"y":982,"w":176,"h":307},
	"offset": {"x":0,"y":0,"w":176,"h":307},
	"sourceSize": {"w":176,"h":307}
},
"xinshoulibao_01":
{
	"frame": {"x":221,"y":223,"w":81,"h":85},
	"offset": {"x":0,"y":0,"w":81,"h":85},
	"sourceSize": {"w":81,"h":85}
},
"xinshoulibao_02":
{
	"frame": {"x":302,"y":223,"w":81,"h":85},
	"offset": {"x":0,"y":0,"w":81,"h":85},
	"sourceSize": {"w":81,"h":85}
},
"xinshoulibao_03":
{
	"frame": {"x":383,"y":223,"w":81,"h":85},
	"offset": {"x":0,"y":0,"w":81,"h":85},
	"sourceSize": {"w":81,"h":85}
}},
"meta": {
	"app": "https://www.codeandweb.com/texturepacker",
	"version": "1.0",
	"image": "bird_icon.png",
	"format": "RGBA8888",
	"size": {"w":2048,"h":2048},
	"scale": "1"
}
}
