{"frames": {

"bagpack_01":
{
	"frame": {"x":0,"y":0,"w":176,"h":307},
	"offset": {"x":0,"y":0,"w":176,"h":307},
	"sourceSize": {"w":176,"h":307}
},
"bagpack_02":
{
	"frame": {"x":176,"y":0,"w":176,"h":307},
	"offset": {"x":0,"y":0,"w":176,"h":307},
	"sourceSize": {"w":176,"h":307}
},
"bagpack_03":
{
	"frame": {"x":352,"y":0,"w":176,"h":307},
	"offset": {"x":0,"y":0,"w":176,"h":307},
	"sourceSize": {"w":176,"h":307}
},
"bagpack_04":
{
	"frame": {"x":528,"y":0,"w":176,"h":307},
	"offset": {"x":0,"y":0,"w":176,"h":307},
	"sourceSize": {"w":176,"h":307}
},
"bagpack_05":
{
	"frame": {"x":704,"y":0,"w":176,"h":307},
	"offset": {"x":0,"y":0,"w":176,"h":307},
	"sourceSize": {"w":176,"h":307}
},
"bagpack_06":
{
	"frame": {"x":880,"y":0,"w":176,"h":307},
	"offset": {"x":0,"y":0,"w":176,"h":307},
	"sourceSize": {"w":176,"h":307}
},
"bagpack_07":
{
	"frame": {"x":1056,"y":0,"w":176,"h":307},
	"offset": {"x":0,"y":0,"w":176,"h":307},
	"sourceSize": {"w":176,"h":307}
},
"bagpack_08":
{
	"frame": {"x":1232,"y":0,"w":176,"h":307},
	"offset": {"x":0,"y":0,"w":176,"h":307},
	"sourceSize": {"w":176,"h":307}
},
"bagpack_09":
{
	"frame": {"x":1408,"y":0,"w":176,"h":307},
	"offset": {"x":0,"y":0,"w":176,"h":307},
	"sourceSize": {"w":176,"h":307}
},
"bagpack_10":
{
	"frame": {"x":1584,"y":0,"w":176,"h":307},
	"offset": {"x":0,"y":0,"w":176,"h":307},
	"sourceSize": {"w":176,"h":307}
},
"bagpack_11":
{
	"frame": {"x":1760,"y":0,"w":176,"h":307},
	"offset": {"x":0,"y":0,"w":176,"h":307},
	"sourceSize": {"w":176,"h":307}
},
"bagpack_12":
{
	"frame": {"x":0,"y":307,"w":176,"h":307},
	"offset": {"x":0,"y":0,"w":176,"h":307},
	"sourceSize": {"w":176,"h":307}
},
"bagpack_13":
{
	"frame": {"x":176,"y":307,"w":176,"h":307},
	"offset": {"x":0,"y":0,"w":176,"h":307},
	"sourceSize": {"w":176,"h":307}
},
"bagpack_14":
{
	"frame": {"x":352,"y":307,"w":176,"h":307},
	"offset": {"x":0,"y":0,"w":176,"h":307},
	"sourceSize": {"w":176,"h":307}
},
"bagpack_15":
{
	"frame": {"x":528,"y":307,"w":176,"h":307},
	"offset": {"x":0,"y":0,"w":176,"h":307},
	"sourceSize": {"w":176,"h":307}
},
"bagpack_16":
{
	"frame": {"x":704,"y":307,"w":176,"h":307},
	"offset": {"x":0,"y":0,"w":176,"h":307},
	"sourceSize": {"w":176,"h":307}
},
"bagpack_17":
{
	"frame": {"x":880,"y":307,"w":176,"h":307},
	"offset": {"x":0,"y":0,"w":176,"h":307},
	"sourceSize": {"w":176,"h":307}
},
"bagpack_18":
{
	"frame": {"x":1056,"y":307,"w":176,"h":307},
	"offset": {"x":0,"y":0,"w":176,"h":307},
	"sourceSize": {"w":176,"h":307}
},
"body_10101":
{
	"frame": {"x":1232,"y":307,"w":100,"h":104},
	"offset": {"x":0,"y":0,"w":100,"h":104},
	"sourceSize": {"w":100,"h":104}
},
"body_10102":
{
	"frame": {"x":1332,"y":307,"w":100,"h":104},
	"offset": {"x":0,"y":0,"w":100,"h":104},
	"sourceSize": {"w":100,"h":104}
},
"body_10103":
{
	"frame": {"x":1432,"y":307,"w":100,"h":104},
	"offset": {"x":0,"y":0,"w":100,"h":104},
	"sourceSize": {"w":100,"h":104}
},
"body_10201":
{
	"frame": {"x":1532,"y":307,"w":100,"h":104},
	"offset": {"x":0,"y":0,"w":100,"h":104},
	"sourceSize": {"w":100,"h":104}
},
"body_10202":
{
	"frame": {"x":1632,"y":307,"w":100,"h":104},
	"offset": {"x":0,"y":0,"w":100,"h":104},
	"sourceSize": {"w":100,"h":104}
},
"body_10203":
{
	"frame": {"x":1732,"y":307,"w":100,"h":104},
	"offset": {"x":0,"y":0,"w":100,"h":104},
	"sourceSize": {"w":100,"h":104}
},
"body_10301":
{
	"frame": {"x":1832,"y":307,"w":100,"h":104},
	"offset": {"x":0,"y":0,"w":100,"h":104},
	"sourceSize": {"w":100,"h":104}
},
"body_10302":
{
	"frame": {"x":1932,"y":307,"w":100,"h":104},
	"offset": {"x":0,"y":0,"w":100,"h":104},
	"sourceSize": {"w":100,"h":104}
},
"body_10303":
{
	"frame": {"x":0,"y":614,"w":100,"h":104},
	"offset": {"x":0,"y":0,"w":100,"h":104},
	"sourceSize": {"w":100,"h":104}
},
"body_10401":
{
	"frame": {"x":100,"y":614,"w":100,"h":104},
	"offset": {"x":0,"y":0,"w":100,"h":104},
	"sourceSize": {"w":100,"h":104}
},
"body_10402":
{
	"frame": {"x":200,"y":614,"w":100,"h":104},
	"offset": {"x":0,"y":0,"w":100,"h":104},
	"sourceSize": {"w":100,"h":104}
},
"body_10403":
{
	"frame": {"x":300,"y":614,"w":100,"h":104},
	"offset": {"x":0,"y":0,"w":100,"h":104},
	"sourceSize": {"w":100,"h":104}
},
"body_20101":
{
	"frame": {"x":400,"y":614,"w":100,"h":104},
	"offset": {"x":0,"y":0,"w":100,"h":104},
	"sourceSize": {"w":100,"h":104}
},
"body_20102":
{
	"frame": {"x":500,"y":614,"w":100,"h":104},
	"offset": {"x":0,"y":0,"w":100,"h":104},
	"sourceSize": {"w":100,"h":104}
},
"body_20103":
{
	"frame": {"x":600,"y":614,"w":100,"h":104},
	"offset": {"x":0,"y":0,"w":100,"h":104},
	"sourceSize": {"w":100,"h":104}
},
"body_20201":
{
	"frame": {"x":700,"y":614,"w":100,"h":104},
	"offset": {"x":0,"y":0,"w":100,"h":104},
	"sourceSize": {"w":100,"h":104}
},
"body_20202":
{
	"frame": {"x":800,"y":614,"w":100,"h":104},
	"offset": {"x":0,"y":0,"w":100,"h":104},
	"sourceSize": {"w":100,"h":104}
},
"body_20203":
{
	"frame": {"x":900,"y":614,"w":100,"h":104},
	"offset": {"x":0,"y":0,"w":100,"h":104},
	"sourceSize": {"w":100,"h":104}
},
"body_20301":
{
	"frame": {"x":1000,"y":614,"w":100,"h":104},
	"offset": {"x":0,"y":0,"w":100,"h":104},
	"sourceSize": {"w":100,"h":104}
},
"body_20302":
{
	"frame": {"x":1100,"y":614,"w":100,"h":104},
	"offset": {"x":0,"y":0,"w":100,"h":104},
	"sourceSize": {"w":100,"h":104}
},
"body_20303":
{
	"frame": {"x":1200,"y":614,"w":100,"h":104},
	"offset": {"x":0,"y":0,"w":100,"h":104},
	"sourceSize": {"w":100,"h":104}
},
"body_20401":
{
	"frame": {"x":1300,"y":614,"w":100,"h":104},
	"offset": {"x":0,"y":0,"w":100,"h":104},
	"sourceSize": {"w":100,"h":104}
},
"body_20402":
{
	"frame": {"x":1400,"y":614,"w":100,"h":104},
	"offset": {"x":0,"y":0,"w":100,"h":104},
	"sourceSize": {"w":100,"h":104}
},
"body_20403":
{
	"frame": {"x":1500,"y":614,"w":100,"h":104},
	"offset": {"x":0,"y":0,"w":100,"h":104},
	"sourceSize": {"w":100,"h":104}
},
"body_30101":
{
	"frame": {"x":1600,"y":614,"w":100,"h":104},
	"offset": {"x":0,"y":0,"w":100,"h":104},
	"sourceSize": {"w":100,"h":104}
},
"body_30102":
{
	"frame": {"x":1700,"y":614,"w":100,"h":104},
	"offset": {"x":0,"y":0,"w":100,"h":104},
	"sourceSize": {"w":100,"h":104}
},
"body_30103":
{
	"frame": {"x":1800,"y":614,"w":100,"h":104},
	"offset": {"x":0,"y":0,"w":100,"h":104},
	"sourceSize": {"w":100,"h":104}
},
"body_30201":
{
	"frame": {"x":1900,"y":614,"w":100,"h":104},
	"offset": {"x":0,"y":0,"w":100,"h":104},
	"sourceSize": {"w":100,"h":104}
},
"body_30202":
{
	"frame": {"x":0,"y":718,"w":100,"h":104},
	"offset": {"x":0,"y":0,"w":100,"h":104},
	"sourceSize": {"w":100,"h":104}
},
"body_30203":
{
	"frame": {"x":100,"y":718,"w":100,"h":104},
	"offset": {"x":0,"y":0,"w":100,"h":104},
	"sourceSize": {"w":100,"h":104}
},
"body_30301":
{
	"frame": {"x":200,"y":718,"w":100,"h":104},
	"offset": {"x":0,"y":0,"w":100,"h":104},
	"sourceSize": {"w":100,"h":104}
},
"body_30302":
{
	"frame": {"x":300,"y":718,"w":100,"h":104},
	"offset": {"x":0,"y":0,"w":100,"h":104},
	"sourceSize": {"w":100,"h":104}
},
"body_30303":
{
	"frame": {"x":400,"y":718,"w":100,"h":104},
	"offset": {"x":0,"y":0,"w":100,"h":104},
	"sourceSize": {"w":100,"h":104}
},
"body_30401":
{
	"frame": {"x":500,"y":718,"w":100,"h":104},
	"offset": {"x":0,"y":0,"w":100,"h":104},
	"sourceSize": {"w":100,"h":104}
},
"body_30402":
{
	"frame": {"x":600,"y":718,"w":100,"h":104},
	"offset": {"x":0,"y":0,"w":100,"h":104},
	"sourceSize": {"w":100,"h":104}
},
"body_30403":
{
	"frame": {"x":700,"y":718,"w":100,"h":103},
	"offset": {"x":0,"y":0,"w":100,"h":103},
	"sourceSize": {"w":100,"h":103}
},
"body_40101":
{
	"frame": {"x":800,"y":718,"w":100,"h":104},
	"offset": {"x":0,"y":0,"w":100,"h":104},
	"sourceSize": {"w":100,"h":104}
},
"body_40102":
{
	"frame": {"x":900,"y":718,"w":100,"h":104},
	"offset": {"x":0,"y":0,"w":100,"h":104},
	"sourceSize": {"w":100,"h":104}
},
"body_40103":
{
	"frame": {"x":1000,"y":718,"w":100,"h":104},
	"offset": {"x":0,"y":0,"w":100,"h":104},
	"sourceSize": {"w":100,"h":104}
},
"body_40201":
{
	"frame": {"x":1100,"y":718,"w":100,"h":104},
	"offset": {"x":0,"y":0,"w":100,"h":104},
	"sourceSize": {"w":100,"h":104}
},
"body_40202":
{
	"frame": {"x":1200,"y":718,"w":100,"h":104},
	"offset": {"x":0,"y":0,"w":100,"h":104},
	"sourceSize": {"w":100,"h":104}
},
"body_40203":
{
	"frame": {"x":1300,"y":718,"w":100,"h":104},
	"offset": {"x":0,"y":0,"w":100,"h":104},
	"sourceSize": {"w":100,"h":104}
},
"body_40301":
{
	"frame": {"x":1400,"y":718,"w":100,"h":104},
	"offset": {"x":0,"y":0,"w":100,"h":104},
	"sourceSize": {"w":100,"h":104}
},
"body_40302":
{
	"frame": {"x":1500,"y":718,"w":100,"h":104},
	"offset": {"x":0,"y":0,"w":100,"h":104},
	"sourceSize": {"w":100,"h":104}
},
"body_40303":
{
	"frame": {"x":1600,"y":718,"w":100,"h":104},
	"offset": {"x":0,"y":0,"w":100,"h":104},
	"sourceSize": {"w":100,"h":104}
},
"body_40401":
{
	"frame": {"x":1700,"y":718,"w":100,"h":104},
	"offset": {"x":0,"y":0,"w":100,"h":104},
	"sourceSize": {"w":100,"h":104}
},
"body_40402":
{
	"frame": {"x":1800,"y":718,"w":100,"h":104},
	"offset": {"x":0,"y":0,"w":100,"h":104},
	"sourceSize": {"w":100,"h":104}
},
"body_40403":
{
	"frame": {"x":1900,"y":718,"w":100,"h":104},
	"offset": {"x":0,"y":0,"w":100,"h":104},
	"sourceSize": {"w":100,"h":104}
},
"body_50401":
{
	"frame": {"x":0,"y":822,"w":100,"h":104},
	"offset": {"x":0,"y":0,"w":100,"h":104},
	"sourceSize": {"w":100,"h":104}
},
"body_50402":
{
	"frame": {"x":100,"y":822,"w":100,"h":104},
	"offset": {"x":0,"y":0,"w":100,"h":104},
	"sourceSize": {"w":100,"h":104}
},
"body_50403":
{
	"frame": {"x":200,"y":822,"w":100,"h":104},
	"offset": {"x":0,"y":0,"w":100,"h":104},
	"sourceSize": {"w":100,"h":104}
},
"body_50404":
{
	"frame": {"x":300,"y":822,"w":100,"h":104},
	"offset": {"x":0,"y":0,"w":100,"h":104},
	"sourceSize": {"w":100,"h":104}
},
"body_50405":
{
	"frame": {"x":400,"y":822,"w":100,"h":104},
	"offset": {"x":0,"y":0,"w":100,"h":104},
	"sourceSize": {"w":100,"h":104}
},
"body_50406":
{
	"frame": {"x":500,"y":822,"w":100,"h":104},
	"offset": {"x":0,"y":0,"w":100,"h":104},
	"sourceSize": {"w":100,"h":104}
},
"body_50407":
{
	"frame": {"x":600,"y":822,"w":100,"h":104},
	"offset": {"x":0,"y":0,"w":100,"h":104},
	"sourceSize": {"w":100,"h":104}
},
"eggs_30":
{
	"frame": {"x":700,"y":822,"w":81,"h":85},
	"offset": {"x":0,"y":0,"w":81,"h":85},
	"sourceSize": {"w":81,"h":85}
},
"eggs_31":
{
	"frame": {"x":781,"y":822,"w":81,"h":85},
	"offset": {"x":0,"y":0,"w":81,"h":85},
	"sourceSize": {"w":81,"h":85}
},
"eggs_32":
{
	"frame": {"x":862,"y":822,"w":81,"h":85},
	"offset": {"x":0,"y":0,"w":81,"h":85},
	"sourceSize": {"w":81,"h":85}
},
"eggs_33":
{
	"frame": {"x":943,"y":822,"w":81,"h":85},
	"offset": {"x":0,"y":0,"w":81,"h":85},
	"sourceSize": {"w":81,"h":85}
},
"eggs_34":
{
	"frame": {"x":1024,"y":822,"w":81,"h":85},
	"offset": {"x":0,"y":0,"w":81,"h":85},
	"sourceSize": {"w":81,"h":85}
},
"eggs_35":
{
	"frame": {"x":1105,"y":822,"w":81,"h":85},
	"offset": {"x":0,"y":0,"w":81,"h":85},
	"sourceSize": {"w":81,"h":85}
},
"eggs_36":
{
	"frame": {"x":1186,"y":822,"w":81,"h":85},
	"offset": {"x":0,"y":0,"w":81,"h":85},
	"sourceSize": {"w":81,"h":85}
},
"eggs_37":
{
	"frame": {"x":1267,"y":822,"w":81,"h":85},
	"offset": {"x":0,"y":0,"w":81,"h":85},
	"sourceSize": {"w":81,"h":85}
},
"eggs_38":
{
	"frame": {"x":1348,"y":822,"w":81,"h":85},
	"offset": {"x":0,"y":0,"w":81,"h":85},
	"sourceSize": {"w":81,"h":85}
},
"g1041_coin_01":
{
	"frame": {"x":1429,"y":822,"w":32,"h":32},
	"offset": {"x":0,"y":0,"w":32,"h":32},
	"sourceSize": {"w":32,"h":32}
},
"g1041_coin_02":
{
	"frame": {"x":1461,"y":822,"w":32,"h":32},
	"offset": {"x":0,"y":0,"w":32,"h":32},
	"sourceSize": {"w":32,"h":32}
},
"g1041_coin_03":
{
	"frame": {"x":1493,"y":822,"w":32,"h":32},
	"offset": {"x":0,"y":0,"w":32,"h":32},
	"sourceSize": {"w":32,"h":32}
},
"g1041_coin_04":
{
	"frame": {"x":1525,"y":822,"w":32,"h":32},
	"offset": {"x":0,"y":0,"w":32,"h":32},
	"sourceSize": {"w":32,"h":32}
},
"g1041_coin_05":
{
	"frame": {"x":1557,"y":822,"w":32,"h":32},
	"offset": {"x":0,"y":0,"w":32,"h":32},
	"sourceSize": {"w":32,"h":32}
},
"g1041_coin_06":
{
	"frame": {"x":1589,"y":822,"w":32,"h":32},
	"offset": {"x":0,"y":0,"w":32,"h":32},
	"sourceSize": {"w":32,"h":32}
},
"g1041_coin_07":
{
	"frame": {"x":1621,"y":822,"w":32,"h":32},
	"offset": {"x":0,"y":0,"w":32,"h":32},
	"sourceSize": {"w":32,"h":32}
},
"g1041_coin_09":
{
	"frame": {"x":1653,"y":822,"w":70,"h":74},
	"offset": {"x":0,"y":0,"w":70,"h":74},
	"sourceSize": {"w":70,"h":74}
},
"g1041_coin_10":
{
	"frame": {"x":1723,"y":822,"w":70,"h":74},
	"offset": {"x":0,"y":0,"w":70,"h":74},
	"sourceSize": {"w":70,"h":74}
},
"g1041_coin_11":
{
	"frame": {"x":1793,"y":822,"w":70,"h":74},
	"offset": {"x":0,"y":0,"w":70,"h":74},
	"sourceSize": {"w":70,"h":74}
},
"g1041_coin_12":
{
	"frame": {"x":1863,"y":822,"w":70,"h":74},
	"offset": {"x":0,"y":0,"w":70,"h":74},
	"sourceSize": {"w":70,"h":74}
},
"g1041_coin_13":
{
	"frame": {"x":1933,"y":822,"w":70,"h":74},
	"offset": {"x":0,"y":0,"w":70,"h":74},
	"sourceSize": {"w":70,"h":74}
},
"g1041_coin_14":
{
	"frame": {"x":0,"y":926,"w":70,"h":74},
	"offset": {"x":0,"y":0,"w":70,"h":74},
	"sourceSize": {"w":70,"h":74}
},
"g1041_coin_15":
{
	"frame": {"x":70,"y":926,"w":70,"h":74},
	"offset": {"x":0,"y":0,"w":70,"h":74},
	"sourceSize": {"w":70,"h":74}
},
"g1041_coin_16":
{
	"frame": {"x":140,"y":926,"w":70,"h":74},
	"offset": {"x":0,"y":0,"w":70,"h":74},
	"sourceSize": {"w":70,"h":74}
},
"glasses_1":
{
	"frame": {"x":210,"y":926,"w":70,"h":74},
	"offset": {"x":0,"y":0,"w":70,"h":74},
	"sourceSize": {"w":70,"h":74}
},
"glasses_2":
{
	"frame": {"x":280,"y":926,"w":70,"h":74},
	"offset": {"x":0,"y":0,"w":70,"h":74},
	"sourceSize": {"w":70,"h":74}
},
"glasses_3":
{
	"frame": {"x":350,"y":926,"w":70,"h":74},
	"offset": {"x":0,"y":0,"w":70,"h":74},
	"sourceSize": {"w":70,"h":74}
},
"glasses_4":
{
	"frame": {"x":420,"y":926,"w":70,"h":74},
	"offset": {"x":0,"y":0,"w":70,"h":74},
	"sourceSize": {"w":70,"h":74}
},
"glasses_5":
{
	"frame": {"x":490,"y":926,"w":70,"h":74},
	"offset": {"x":0,"y":0,"w":70,"h":74},
	"sourceSize": {"w":70,"h":74}
},
"glasses_6":
{
	"frame": {"x":560,"y":926,"w":70,"h":74},
	"offset": {"x":0,"y":0,"w":70,"h":74},
	"sourceSize": {"w":70,"h":74}
},
"glasses_7":
{
	"frame": {"x":630,"y":926,"w":70,"h":74},
	"offset": {"x":0,"y":0,"w":70,"h":74},
	"sourceSize": {"w":70,"h":74}
},
"glasses_8":
{
	"frame": {"x":700,"y":926,"w":70,"h":74},
	"offset": {"x":0,"y":0,"w":70,"h":74},
	"sourceSize": {"w":70,"h":74}
},
"glasses_9":
{
	"frame": {"x":770,"y":926,"w":70,"h":74},
	"offset": {"x":0,"y":0,"w":70,"h":74},
	"sourceSize": {"w":70,"h":74}
},
"glasses_10":
{
	"frame": {"x":840,"y":926,"w":70,"h":74},
	"offset": {"x":0,"y":0,"w":70,"h":74},
	"sourceSize": {"w":70,"h":74}
},
"glasses_12":
{
	"frame": {"x":910,"y":926,"w":70,"h":74},
	"offset": {"x":0,"y":0,"w":70,"h":74},
	"sourceSize": {"w":70,"h":74}
},
"glasses_13":
{
	"frame": {"x":980,"y":926,"w":70,"h":74},
	"offset": {"x":0,"y":0,"w":70,"h":74},
	"sourceSize": {"w":70,"h":74}
},
"glasses_14":
{
	"frame": {"x":1050,"y":926,"w":70,"h":74},
	"offset": {"x":0,"y":0,"w":70,"h":74},
	"sourceSize": {"w":70,"h":74}
},
"glasses_15":
{
	"frame": {"x":1120,"y":926,"w":70,"h":74},
	"offset": {"x":0,"y":0,"w":70,"h":74},
	"sourceSize": {"w":70,"h":74}
},
"glasses_16":
{
	"frame": {"x":1190,"y":926,"w":70,"h":74},
	"offset": {"x":0,"y":0,"w":70,"h":74},
	"sourceSize": {"w":70,"h":74}
},
"glasses_17":
{
	"frame": {"x":1260,"y":926,"w":70,"h":74},
	"offset": {"x":0,"y":0,"w":70,"h":74},
	"sourceSize": {"w":70,"h":74}
},
"glasses_18":
{
	"frame": {"x":1330,"y":926,"w":70,"h":74},
	"offset": {"x":0,"y":0,"w":70,"h":74},
	"sourceSize": {"w":70,"h":74}
},
"glasses_19":
{
	"frame": {"x":1400,"y":926,"w":70,"h":74},
	"offset": {"x":0,"y":0,"w":70,"h":74},
	"sourceSize": {"w":70,"h":74}
},
"glasses_20":
{
	"frame": {"x":1470,"y":926,"w":70,"h":74},
	"offset": {"x":0,"y":0,"w":70,"h":74},
	"sourceSize": {"w":70,"h":74}
},
"glasses_21":
{
	"frame": {"x":1540,"y":926,"w":70,"h":74},
	"offset": {"x":0,"y":0,"w":70,"h":74},
	"sourceSize": {"w":70,"h":74}
},
"glasses_22":
{
	"frame": {"x":1610,"y":926,"w":70,"h":74},
	"offset": {"x":0,"y":0,"w":70,"h":74},
	"sourceSize": {"w":70,"h":74}
},
"glasses_23":
{
	"frame": {"x":1680,"y":926,"w":70,"h":74},
	"offset": {"x":0,"y":0,"w":70,"h":74},
	"sourceSize": {"w":70,"h":74}
},
"glasses_24":
{
	"frame": {"x":1750,"y":926,"w":70,"h":74},
	"offset": {"x":0,"y":0,"w":70,"h":74},
	"sourceSize": {"w":70,"h":74}
},
"glasses_25":
{
	"frame": {"x":1820,"y":926,"w":70,"h":74},
	"offset": {"x":0,"y":0,"w":70,"h":74},
	"sourceSize": {"w":70,"h":74}
},
"glasses_26":
{
	"frame": {"x":1890,"y":926,"w":70,"h":74},
	"offset": {"x":0,"y":0,"w":70,"h":74},
	"sourceSize": {"w":70,"h":74}
},
"glasses_27":
{
	"frame": {"x":1960,"y":926,"w":70,"h":74},
	"offset": {"x":0,"y":0,"w":70,"h":74},
	"sourceSize": {"w":70,"h":74}
},
"glasses_28":
{
	"frame": {"x":0,"y":1000,"w":70,"h":74},
	"offset": {"x":0,"y":0,"w":70,"h":74},
	"sourceSize": {"w":70,"h":74}
},
"hat_1":
{
	"frame": {"x":70,"y":1000,"w":70,"h":74},
	"offset": {"x":0,"y":0,"w":70,"h":74},
	"sourceSize": {"w":70,"h":74}
},
"hat_2":
{
	"frame": {"x":140,"y":1000,"w":70,"h":74},
	"offset": {"x":0,"y":0,"w":70,"h":74},
	"sourceSize": {"w":70,"h":74}
},
"hat_3":
{
	"frame": {"x":210,"y":1000,"w":70,"h":74},
	"offset": {"x":0,"y":0,"w":70,"h":74},
	"sourceSize": {"w":70,"h":74}
},
"hat_4":
{
	"frame": {"x":280,"y":1000,"w":70,"h":74},
	"offset": {"x":0,"y":0,"w":70,"h":74},
	"sourceSize": {"w":70,"h":74}
},
"hat_5":
{
	"frame": {"x":350,"y":1000,"w":70,"h":74},
	"offset": {"x":0,"y":0,"w":70,"h":74},
	"sourceSize": {"w":70,"h":74}
},
"hat_6":
{
	"frame": {"x":420,"y":1000,"w":70,"h":74},
	"offset": {"x":0,"y":0,"w":70,"h":74},
	"sourceSize": {"w":70,"h":74}
},
"hat_7":
{
	"frame": {"x":490,"y":1000,"w":70,"h":74},
	"offset": {"x":0,"y":0,"w":70,"h":74},
	"sourceSize": {"w":70,"h":74}
},
"hat_8":
{
	"frame": {"x":560,"y":1000,"w":70,"h":74},
	"offset": {"x":0,"y":0,"w":70,"h":74},
	"sourceSize": {"w":70,"h":74}
},
"hat_9":
{
	"frame": {"x":630,"y":1000,"w":70,"h":74},
	"offset": {"x":0,"y":0,"w":70,"h":74},
	"sourceSize": {"w":70,"h":74}
},
"hat_10":
{
	"frame": {"x":700,"y":1000,"w":70,"h":74},
	"offset": {"x":0,"y":0,"w":70,"h":74},
	"sourceSize": {"w":70,"h":74}
},
"hat_11":
{
	"frame": {"x":770,"y":1000,"w":70,"h":74},
	"offset": {"x":0,"y":0,"w":70,"h":74},
	"sourceSize": {"w":70,"h":74}
},
"hat_12":
{
	"frame": {"x":840,"y":1000,"w":70,"h":74},
	"offset": {"x":0,"y":0,"w":70,"h":74},
	"sourceSize": {"w":70,"h":74}
},
"hat_13":
{
	"frame": {"x":910,"y":1000,"w":70,"h":74},
	"offset": {"x":0,"y":0,"w":70,"h":74},
	"sourceSize": {"w":70,"h":74}
},
"hat_14":
{
	"frame": {"x":980,"y":1000,"w":70,"h":74},
	"offset": {"x":0,"y":0,"w":70,"h":74},
	"sourceSize": {"w":70,"h":74}
},
"hat_15":
{
	"frame": {"x":1050,"y":1000,"w":70,"h":74},
	"offset": {"x":0,"y":0,"w":70,"h":74},
	"sourceSize": {"w":70,"h":74}
},
"hat_16":
{
	"frame": {"x":1120,"y":1000,"w":70,"h":74},
	"offset": {"x":0,"y":0,"w":70,"h":74},
	"sourceSize": {"w":70,"h":74}
},
"hat_17":
{
	"frame": {"x":1190,"y":1000,"w":70,"h":74},
	"offset": {"x":0,"y":0,"w":70,"h":74},
	"sourceSize": {"w":70,"h":74}
},
"hat_18":
{
	"frame": {"x":1260,"y":1000,"w":70,"h":74},
	"offset": {"x":0,"y":0,"w":70,"h":74},
	"sourceSize": {"w":70,"h":74}
},
"hat_19":
{
	"frame": {"x":1330,"y":1000,"w":70,"h":74},
	"offset": {"x":0,"y":0,"w":70,"h":74},
	"sourceSize": {"w":70,"h":74}
},
"hat_20":
{
	"frame": {"x":1400,"y":1000,"w":70,"h":74},
	"offset": {"x":0,"y":0,"w":70,"h":74},
	"sourceSize": {"w":70,"h":74}
},
"hat_21":
{
	"frame": {"x":1470,"y":1000,"w":70,"h":74},
	"offset": {"x":0,"y":0,"w":70,"h":74},
	"sourceSize": {"w":70,"h":74}
},
"hat_22":
{
	"frame": {"x":1540,"y":1000,"w":70,"h":74},
	"offset": {"x":0,"y":0,"w":70,"h":74},
	"sourceSize": {"w":70,"h":74}
},
"hat_23":
{
	"frame": {"x":1610,"y":1000,"w":70,"h":74},
	"offset": {"x":0,"y":0,"w":70,"h":74},
	"sourceSize": {"w":70,"h":74}
},
"hat_24":
{
	"frame": {"x":1680,"y":1000,"w":70,"h":74},
	"offset": {"x":0,"y":0,"w":70,"h":74},
	"sourceSize": {"w":70,"h":74}
},
"hat_25":
{
	"frame": {"x":1750,"y":1000,"w":70,"h":74},
	"offset": {"x":0,"y":0,"w":70,"h":74},
	"sourceSize": {"w":70,"h":74}
},
"hat_26":
{
	"frame": {"x":1820,"y":1000,"w":70,"h":74},
	"offset": {"x":0,"y":0,"w":70,"h":74},
	"sourceSize": {"w":70,"h":74}
},
"hat_27":
{
	"frame": {"x":1890,"y":1000,"w":70,"h":74},
	"offset": {"x":0,"y":0,"w":70,"h":74},
	"sourceSize": {"w":70,"h":74}
},
"hat_28":
{
	"frame": {"x":1960,"y":1000,"w":70,"h":74},
	"offset": {"x":0,"y":0,"w":70,"h":74},
	"sourceSize": {"w":70,"h":74}
},
"hat_29":
{
	"frame": {"x":0,"y":1074,"w":70,"h":74},
	"offset": {"x":0,"y":0,"w":70,"h":74},
	"sourceSize": {"w":70,"h":74}
},
"storeitem_01":
{
	"frame": {"x":70,"y":1074,"w":156,"h":140},
	"offset": {"x":0,"y":0,"w":156,"h":140},
	"sourceSize": {"w":156,"h":140}
},
"storeitem_02":
{
	"frame": {"x":226,"y":1074,"w":156,"h":140},
	"offset": {"x":0,"y":0,"w":156,"h":140},
	"sourceSize": {"w":156,"h":140}
},
"storeitem_03":
{
	"frame": {"x":382,"y":1074,"w":156,"h":140},
	"offset": {"x":0,"y":0,"w":156,"h":140},
	"sourceSize": {"w":156,"h":140}
},
"storeitem_04":
{
	"frame": {"x":538,"y":1074,"w":156,"h":140},
	"offset": {"x":0,"y":0,"w":156,"h":140},
	"sourceSize": {"w":156,"h":140}
},
"storeitem_05":
{
	"frame": {"x":694,"y":1074,"w":156,"h":140},
	"offset": {"x":0,"y":0,"w":156,"h":140},
	"sourceSize": {"w":156,"h":140}
},
"storeitem_06":
{
	"frame": {"x":850,"y":1074,"w":156,"h":140},
	"offset": {"x":0,"y":0,"w":156,"h":140},
	"sourceSize": {"w":156,"h":140}
},
"storeitem_07":
{
	"frame": {"x":1006,"y":1074,"w":156,"h":140},
	"offset": {"x":0,"y":0,"w":156,"h":140},
	"sourceSize": {"w":156,"h":140}
},
"storeitem_08":
{
	"frame": {"x":1162,"y":1074,"w":156,"h":140},
	"offset": {"x":0,"y":0,"w":156,"h":140},
	"sourceSize": {"w":156,"h":140}
},
"storeitem_09":
{
	"frame": {"x":1318,"y":1074,"w":156,"h":140},
	"offset": {"x":0,"y":0,"w":156,"h":140},
	"sourceSize": {"w":156,"h":140}
},
"storeitem_10":
{
	"frame": {"x":1474,"y":1074,"w":156,"h":140},
	"offset": {"x":0,"y":0,"w":156,"h":140},
	"sourceSize": {"w":156,"h":140}
},
"storeitem_11":
{
	"frame": {"x":1630,"y":1074,"w":156,"h":140},
	"offset": {"x":0,"y":0,"w":156,"h":140},
	"sourceSize": {"w":156,"h":140}
},
"storeitem_12":
{
	"frame": {"x":1786,"y":1074,"w":156,"h":140},
	"offset": {"x":0,"y":0,"w":156,"h":140},
	"sourceSize": {"w":156,"h":140}
},
"storeitem_13":
{
	"frame": {"x":0,"y":1214,"w":156,"h":140},
	"offset": {"x":0,"y":0,"w":156,"h":140},
	"sourceSize": {"w":156,"h":140}
},
"storeitem_14":
{
	"frame": {"x":156,"y":1214,"w":156,"h":140},
	"offset": {"x":0,"y":0,"w":156,"h":140},
	"sourceSize": {"w":156,"h":140}
},
"storeitem_15":
{
	"frame": {"x":312,"y":1214,"w":156,"h":140},
	"offset": {"x":0,"y":0,"w":156,"h":140},
	"sourceSize": {"w":156,"h":140}
},
"storeitem_16":
{
	"frame": {"x":468,"y":1214,"w":156,"h":140},
	"offset": {"x":0,"y":0,"w":156,"h":140},
	"sourceSize": {"w":156,"h":140}
},
"storeitem_17":
{
	"frame": {"x":624,"y":1214,"w":156,"h":140},
	"offset": {"x":0,"y":0,"w":156,"h":140},
	"sourceSize": {"w":156,"h":140}
},
"tail_effect_1":
{
	"frame": {"x":780,"y":1214,"w":70,"h":75},
	"offset": {"x":0,"y":0,"w":70,"h":75},
	"sourceSize": {"w":70,"h":75}
},
"tail_effect_2":
{
	"frame": {"x":850,"y":1214,"w":70,"h":75},
	"offset": {"x":0,"y":0,"w":70,"h":75},
	"sourceSize": {"w":70,"h":75}
},
"tail_effect_3":
{
	"frame": {"x":920,"y":1214,"w":70,"h":75},
	"offset": {"x":0,"y":0,"w":70,"h":75},
	"sourceSize": {"w":70,"h":75}
},
"tail_effect_4":
{
	"frame": {"x":990,"y":1214,"w":70,"h":75},
	"offset": {"x":0,"y":0,"w":70,"h":75},
	"sourceSize": {"w":70,"h":75}
},
"tail_effect_5":
{
	"frame": {"x":1060,"y":1214,"w":70,"h":75},
	"offset": {"x":0,"y":0,"w":70,"h":75},
	"sourceSize": {"w":70,"h":75}
},
"tail_effect_6":
{
	"frame": {"x":1130,"y":1214,"w":70,"h":75},
	"offset": {"x":0,"y":0,"w":70,"h":75},
	"sourceSize": {"w":70,"h":75}
},
"tail_effect_7":
{
	"frame": {"x":1200,"y":1214,"w":70,"h":75},
	"offset": {"x":0,"y":0,"w":70,"h":75},
	"sourceSize": {"w":70,"h":75}
},
"tail_effect_8":
{
	"frame": {"x":1270,"y":1214,"w":70,"h":75},
	"offset": {"x":0,"y":0,"w":70,"h":75},
	"sourceSize": {"w":70,"h":75}
},
"tail_effect_9":
{
	"frame": {"x":1340,"y":1214,"w":70,"h":75},
	"offset": {"x":0,"y":0,"w":70,"h":75},
	"sourceSize": {"w":70,"h":75}
},
"tail_effect_10":
{
	"frame": {"x":1410,"y":1214,"w":70,"h":75},
	"offset": {"x":0,"y":0,"w":70,"h":75},
	"sourceSize": {"w":70,"h":75}
},
"tail_effect_11":
{
	"frame": {"x":1480,"y":1214,"w":70,"h":75},
	"offset": {"x":0,"y":0,"w":70,"h":75},
	"sourceSize": {"w":70,"h":75}
},
"tail_effect_12":
{
	"frame": {"x":1550,"y":1214,"w":70,"h":75},
	"offset": {"x":0,"y":0,"w":70,"h":75},
	"sourceSize": {"w":70,"h":75}
},
"tail_effect_13":
{
	"frame": {"x":1620,"y":1214,"w":70,"h":75},
	"offset": {"x":0,"y":0,"w":70,"h":75},
	"sourceSize": {"w":70,"h":75}
},
"tail_effect_14":
{
	"frame": {"x":1690,"y":1214,"w":70,"h":75},
	"offset": {"x":0,"y":0,"w":70,"h":75},
	"sourceSize": {"w":70,"h":75}
},
"tail_effect_15":
{
	"frame": {"x":1760,"y":1214,"w":70,"h":75},
	"offset": {"x":0,"y":0,"w":70,"h":75},
	"sourceSize": {"w":70,"h":75}
},
"tail_effect_16":
{
	"frame": {"x":1830,"y":1214,"w":70,"h":75},
	"offset": {"x":0,"y":0,"w":70,"h":75},
	"sourceSize": {"w":70,"h":75}
},
"tail_effect_17":
{
	"frame": {"x":1900,"y":1214,"w":70,"h":75},
	"offset": {"x":0,"y":0,"w":70,"h":75},
	"sourceSize": {"w":70,"h":75}
},
"tail_effect_18":
{
	"frame": {"x":1970,"y":1214,"w":70,"h":75},
	"offset": {"x":0,"y":0,"w":70,"h":75},
	"sourceSize": {"w":70,"h":75}
},
"tail_effect_19":
{
	"frame": {"x":0,"y":1354,"w":70,"h":75},
	"offset": {"x":0,"y":0,"w":70,"h":75},
	"sourceSize": {"w":70,"h":75}
},
"weapon1":
{
	"frame": {"x":70,"y":1354,"w":176,"h":307},
	"offset": {"x":0,"y":0,"w":176,"h":307},
	"sourceSize": {"w":176,"h":307}
},
"weapon2":
{
	"frame": {"x":246,"y":1354,"w":176,"h":307},
	"offset": {"x":0,"y":0,"w":176,"h":307},
	"sourceSize": {"w":176,"h":307}
},
"weapon3":
{
	"frame": {"x":422,"y":1354,"w":176,"h":307},
	"offset": {"x":0,"y":0,"w":176,"h":307},
	"sourceSize": {"w":176,"h":307}
},
"weapon4":
{
	"frame": {"x":598,"y":1354,"w":176,"h":307},
	"offset": {"x":0,"y":0,"w":176,"h":307},
	"sourceSize": {"w":176,"h":307}
},
"weapon5":
{
	"frame": {"x":774,"y":1354,"w":176,"h":307},
	"offset": {"x":0,"y":0,"w":176,"h":307},
	"sourceSize": {"w":176,"h":307}
},
"weapon6":
{
	"frame": {"x":950,"y":1354,"w":176,"h":307},
	"offset": {"x":0,"y":0,"w":176,"h":307},
	"sourceSize": {"w":176,"h":307}
},
"weapon7":
{
	"frame": {"x":1126,"y":1354,"w":176,"h":307},
	"offset": {"x":0,"y":0,"w":176,"h":307},
	"sourceSize": {"w":176,"h":307}
},
"weapon8":
{
	"frame": {"x":1302,"y":1354,"w":176,"h":307},
	"offset": {"x":0,"y":0,"w":176,"h":307},
	"sourceSize": {"w":176,"h":307}
},
"weapon9":
{
	"frame": {"x":1478,"y":1354,"w":176,"h":307},
	"offset": {"x":0,"y":0,"w":176,"h":307},
	"sourceSize": {"w":176,"h":307}
},
"weapon10":
{
	"frame": {"x":1654,"y":1354,"w":176,"h":307},
	"offset": {"x":0,"y":0,"w":176,"h":307},
	"sourceSize": {"w":176,"h":307}
},
"xinshoulibao_01":
{
	"frame": {"x":1830,"y":1354,"w":81,"h":85},
	"offset": {"x":0,"y":0,"w":81,"h":85},
	"sourceSize": {"w":81,"h":85}
},
"xinshoulibao_02":
{
	"frame": {"x":1911,"y":1354,"w":81,"h":85},
	"offset": {"x":0,"y":0,"w":81,"h":85},
	"sourceSize": {"w":81,"h":85}
},
"xinshoulibao_03":
{
	"frame": {"x":0,"y":1661,"w":81,"h":85},
	"offset": {"x":0,"y":0,"w":81,"h":85},
	"sourceSize": {"w":81,"h":85}
}},
"meta": {
	"app": "https://www.codeandweb.com/texturepacker",
	"version": "1.0",
	"image": "bird_icon.png",
	"format": "RGBA8888",
	"size": {"w":2048,"h":2048},
	"scale": "1",
	"type": "frame"
}
}
