TipType	TipTemplateId	Notice	zh_CN	en_US	pt_BR	ru_RU	ko_KR	de_DE	fr_FR	es_ES	it_IT	in_ID	th_TH	tr_TR	vi_VN	ja_JP
枚举类型	模板说明	备注	中文	英文	葡萄牙语	俄语	韩语	德语	法语	西语	意大利语	印尼语	泰语	土耳其	越南语	日语
1041001	GameName	GameName	小鸟模拟器	Bird Simulator	Bird Simulator	Bird Simulator	Bird Simulator	Bird Simulator	Bird Simulator	Bird Simulator	Bird Simulator	Bird Simulator	Bird Simulator	Bird Simulator	Bird Simulator	Bird Simulator
1041002			背包满了	BackPack full	BackPack full	BackPack full	BackPack full	BackPack full	BackPack full	BackPack full	BackPack full	BackPack full	BackPack full	BackPack full	BackPack full	BackPack full
1041003			水果不足	not enough fruit	not enough fruit	not enough fruit	not enough fruit	not enough fruit	not enough fruit	not enough fruit	not enough fruit	not enough fruit	not enough fruit	not enough fruit	not enough fruit	not enough fruit
1041004			没有携带小鸟	not carrying bird	not carrying bird	not carrying bird	not carrying bird	not carrying bird	not carrying bird	not carrying bird	not carrying bird	not carrying bird	not carrying bird	not carrying bird	not carrying bird	not carrying bird
1041005			你必须拥有4只小鸟才能通过	you must have 4 birds to pass	you must have 4 birds to pass	you must have 4 birds to pass	you must have 4 birds to pass	you must have 4 birds to pass	you must have 4 birds to pass	you must have 4 birds to pass	you must have 4 birds to pass	you must have 4 birds to pass	you must have 4 birds to pass	you must have 4 birds to pass	you must have 4 birds to pass	you must have 4 birds to pass
1041006			你必须拥有8只小鸟才能通过	you must have 8 birds to pass	you must have 8 birds to pass	you must have 8 birds to pass	you must have 8 birds to pass	you must have 8 birds to pass	you must have 8 birds to pass	you must have 8 birds to pass	you must have 8 birds to pass	you must have 8 birds to pass	you must have 8 birds to pass	you must have 8 birds to pass	you must have 8 birds to pass	you must have 8 birds to pass
1041007			你必须拥有10只小鸟才能通过	you must have 10 birds to pass	you must have 10 birds to pass	you must have 10 birds to pass	you must have 10 birds to pass	you must have 10 birds to pass	you must have 10 birds to pass	you must have 10 birds to pass	you must have 10 birds to pass	you must have 10 birds to pass	you must have 10 birds to pass	you must have 10 birds to pass	you must have 10 birds to pass	you must have 10 birds to pass
1041008			本区域还未开放	this zone is locked	this zone is locked	this zone is locked	this zone is locked	this zone is locked	this zone is locked	this zone is locked	this zone is locked	this zone is locked	this zone is locked	this zone is locked	this zone is locked	this zone is locked
1041009			你必须拥有4只小鸟才能使用	you must have 4 birds to use	you must have 4 birds to use	you must have 4 birds to use	you must have 4 birds to use	you must have 4 birds to use	you must have 4 birds to use	you must have 4 birds to use	you must have 4 birds to use	you must have 4 birds to use	you must have 4 birds to use	you must have 4 birds to use	you must have 4 birds to use	you must have 4 birds to use
1041010			你必须拥有8只小鸟才能使用	you must have 8 birds to use	you must have 8 birds to use	you must have 8 birds to use	you must have 8 birds to use	you must have 8 birds to use	you must have 8 birds to use	you must have 8 birds to use	you must have 8 birds to use	you must have 8 birds to use	you must have 8 birds to use	you must have 8 birds to use	you must have 8 birds to use	you must have 8 birds to use
1041011			你必须拥有10只小鸟才能使用	you must have 10 birds to use	you must have 10 birds to use	you must have 10 birds to use	you must have 10 birds to use	you must have 10 birds to use	you must have 10 birds to use	you must have 10 birds to use	you must have 10 birds to use	you must have 10 birds to use	you must have 10 birds to use	you must have 10 birds to use	you must have 10 birds to use	you must have 10 birds to use
1041012			一棵%1s在%2s生长	a %1s appears in %2s	a %1s appears in %2s	a %1s appears in %2s	a %1s appears in %2s	a %1s appears in %2s	a %1s appears in %2s	a %1s appears in %2s	a %1s appears in %2s	a %1s appears in %2s	a %1s appears in %2s	a %1s appears in %2s	a %1s appears in %2s	a %1s appears in %2s
1041013			▢FF00CD00普通▢FFFFFFFF果树	▢FF00CD00Common▢FFFFFFFF Tree	▢FF00CD00Common▢FFFFFFFF Tree	▢FF00CD00Common▢FFFFFFFF Tree	▢FF00CD00Common▢FFFFFFFF Tree	▢FF00CD00Common▢FFFFFFFF Tree	▢FF00CD00Common▢FFFFFFFF Tree	▢FF00CD00Common▢FFFFFFFF Tree	▢FF00CD00Common▢FFFFFFFF Tree	▢FF00CD00Common▢FFFFFFFF Tree	▢FF00CD00Common▢FFFFFFFF Tree	▢FF00CD00Common▢FFFFFFFF Tree	▢FF00CD00Common▢FFFFFFFF Tree	▢FF00CD00Common▢FFFFFFFF Tree
1041014			▢FF000099稀有▢FFFFFFFF果树	▢FF000099Rare▢FFFFFFFF Tree	▢FF000099Rare▢FFFFFFFF Tree	▢FF000099Rare▢FFFFFFFF Tree	▢FF000099Rare▢FFFFFFFF Tree	▢FF000099Rare▢FFFFFFFF Tree	▢FF000099Rare▢FFFFFFFF Tree	▢FF000099Rare▢FFFFFFFF Tree	▢FF000099Rare▢FFFFFFFF Tree	▢FF000099Rare▢FFFFFFFF Tree	▢FF000099Rare▢FFFFFFFF Tree	▢FF000099Rare▢FFFFFFFF Tree	▢FF000099Rare▢FFFFFFFF Tree	▢FF000099Rare▢FFFFFFFF Tree
1041015			▢FF660088史诗▢FFFFFFFF果树	▢FF660088Epic▢FFFFFFFF Tree	▢FF660088Epic▢FFFFFFFF Tree	▢FF660088Epic▢FFFFFFFF Tree	▢FF660088Epic▢FFFFFFFF Tree	▢FF660088Epic▢FFFFFFFF Tree	▢FF660088Epic▢FFFFFFFF Tree	▢FF660088Epic▢FFFFFFFF Tree	▢FF660088Epic▢FFFFFFFF Tree	▢FF660088Epic▢FFFFFFFF Tree	▢FF660088Epic▢FFFFFFFF Tree	▢FF660088Epic▢FFFFFFFF Tree	▢FF660088Epic▢FFFFFFFF Tree	▢FF660088Epic▢FFFFFFFF Tree
1041016			▢FFFFDD00传说▢FFFFFFFF果树	▢FFFFDD00Legendary▢FFFFFFFF Tree	▢FFFFDD00Legendary▢FFFFFFFF Tree	▢FFFFDD00Legendary▢FFFFFFFF Tree	▢FFFFDD00Legendary▢FFFFFFFF Tree	▢FFFFDD00Legendary▢FFFFFFFF Tree	▢FFFFDD00Legendary▢FFFFFFFF Tree	▢FFFFDD00Legendary▢FFFFFFFF Tree	▢FFFFDD00Legendary▢FFFFFFFF Tree	▢FFFFDD00Legendary▢FFFFFFFF Tree	▢FFFFDD00Legendary▢FFFFFFFF Tree	▢FFFFDD00Legendary▢FFFFFFFF Tree	▢FFFFDD00Legendary▢FFFFFFFF Tree	▢FFFFDD00Legendary▢FFFFFFFF Tree
1041017			芒果田	Mango Field	Mango Field	Mango Field	Mango Field	Mango Field	Mango Field	Mango Field	Mango Field	Mango Field	Mango Field	Mango Field	Mango Field	Mango Field
1041018			香蕉田	Banana Field	Banana Field	Banana Field	Banana Field	Banana Field	Banana Field	Banana Field	Banana Field	Banana Field	Banana Field	Banana Field	Banana Field	Banana Field
1041019			西瓜田	Watermelon Field	Watermelon Field	Watermelon Field	Watermelon Field	Watermelon Field	Watermelon Field	Watermelon Field	Watermelon Field	Watermelon Field	Watermelon Field	Watermelon Field	Watermelon Field	Watermelon Field
1041020			葡萄田	Grape Field	Grape Field	Grape Field	Grape Field	Grape Field	Grape Field	Grape Field	Grape Field	Grape Field	Grape Field	Grape Field	Grape Field	Grape Field
1041021			奇异果田	Kiwi Field	Kiwi Field	Kiwi Field	Kiwi Field	Kiwi Field	Kiwi Field	Kiwi Field	Kiwi Field	Kiwi Field	Kiwi Field	Kiwi Field	Kiwi Field	Kiwi Field
1041022			草莓田	Strawberry Field	Strawberry Field	Strawberry Field	Strawberry Field	Strawberry Field	Strawberry Field	Strawberry Field	Strawberry Field	Strawberry Field	Strawberry Field	Strawberry Field	Strawberry Field	Strawberry Field
1041023			柠檬田	Lemon Field	Lemon Field	Lemon Field	Lemon Field	Lemon Field	Lemon Field	Lemon Field	Lemon Field	Lemon Field	Lemon Field	Lemon Field	Lemon Field	Lemon Field
1041024			蓝莓田	Blueberry Field	Blueberry Field	Blueberry Field	Blueberry Field	Blueberry Field	Blueberry Field	Blueberry Field	Blueberry Field	Blueberry Field	Blueberry Field	Blueberry Field	Blueberry Field	Blueberry Field
1041025			桃子田	Peach Field	Peach Field	Peach Field	Peach Field	Peach Field	Peach Field	Peach Field	Peach Field	Peach Field	Peach Field	Peach Field	Peach Field	Peach Field
1041026			橙子田	Orange Field	Orange Field	Orange Field	Orange Field	Orange Field	Orange Field	Orange Field	Orange Field	Orange Field	Orange Field	Orange Field	Orange Field	Orange Field
1041027			木瓜田	Papaya Field	Papaya Field	Papaya Field	Papaya Field	Papaya Field	Papaya Field	Papaya Field	Papaya Field	Papaya Field	Papaya Field	Papaya Field	Papaya Field	Papaya Field
1041028			哈密瓜田	Melon Field	Melon Field	Melon Field	Melon Field	Melon Field	Melon Field	Melon Field	Melon Field	Melon Field	Melon Field	Melon Field	Melon Field	Melon Field
1041029			西红柿田	Tomato Field	Tomato Field	Tomato Field	Tomato Field	Tomato Field	Tomato Field	Tomato Field	Tomato Field	Tomato Field	Tomato Field	Tomato Field	Tomato Field	Tomato Field
