ActorName	Width	Length	Height	Remark
Actor文件名	宽度（>0）	长度（>0）	高度（>0）	备注信息
g1041_eggmachine.actor	1.2	1.2	3.8	蛋机
g1041_npc1.actor	2	2	3.8	npc1
g1041_npc2.actor	1.5	1.5	3.8	npc2
g1041_gate5.actor	9	3	6	5级门
g1041_gate8.actor	5	1	3	8级门
g1041_gate10.actor	5	1	3	10级门
g1041_gate15.actor	5	1	3	15级men
g1041_gatevip.actor	9	1	7	VIP门
g1041_gatevip.actor	9	1	7	VIP门
g1041_gatevip.actor	9	1	7	VIP门
g1041_gatevip.actor	9	1	7	VIP门
g1041_gatevip.actor	9	1	7	VIP门
g1041_gatevip.actor	9	1	7	VIP门
g1041_gatevip.actor	9	1	7	VIP门
g1041_gatevip.actor	9	1	7	VIP门
