TipType	TipTemplateId	Notice	zh_CN	en_US	pt_BR	ru_RU	ko_KR	de_DE	fr_FR	es_ES	it_IT	in_ID	th_TH	tr_TR	vi_VN	ja_JP
枚举类型	模板说明	备注	中文	英文	葡萄牙语	俄语	韩语	德语	法语	西语	意大利语	印尼语	泰语	土耳其	越南语	日语
1047001	GameName	GameName	境界城市	RealmCity	RealmCity	RealmCity	RealmCity	RealmCity	RealmCity	RealmCity	RealmCity	RealmCity	RealmCity	RealmCity	RealmCity	RealmCity
1047002	needTools	needTools	需要工具才能操作	You need a tool	You need a tool	You need a tool	You need a tool	You need a tool	You need a tool	You need a tool	You need a tool	You need a tool	You need a tool	You need a tool	You need a tool	You need a tool
1047003	zoneLocked	zoneLocked	维护中，敬请期待	Under Maintenance, Coming Soon	Under Maintenance, Coming Soon	Under Maintenance, Coming Soon	Under Maintenance, Coming Soon	Under Maintenance, Coming Soon	Under Maintenance, Coming Soon	Under Maintenance, Coming Soon	Under Maintenance, Coming Soon	Under Maintenance, Coming Soon	Under Maintenance, Coming Soon	Under Maintenance, Coming Soon	Under Maintenance, Coming Soon	Under Maintenance, Coming Soon
1047004	editMode	editMode	请打开编辑模式	Please enter edit mode	Please enter edit mode	Please enter edit mode	Please enter edit mode	Please enter edit mode	Please enter edit mode	Please enter edit mode	Please enter edit mode	Please enter edit mode	Please enter edit mode	Please enter edit mode	Please enter edit mode	Please enter edit mode
1047005	manorLevelUp	manorLevelUp	该区域不可放置，请先升级领地 	You can’t place items in this area, please upgrade your realm	You can’t place items in this area, please upgrade your realm	You can’t place items in this area, please upgrade your realm	You can’t place items in this area, please upgrade your realm	You can’t place items in this area, please upgrade your realm	You can’t place items in this area, please upgrade your realm	You can’t place items in this area, please upgrade your realm	You can’t place items in this area, please upgrade your realm	You can’t place items in this area, please upgrade your realm	You can’t place items in this area, please upgrade your realm	You can’t place items in this area, please upgrade your realm	You can’t place items in this area, please upgrade your realm	You can’t place items in this area, please upgrade your realm
