TipType	TipTemplateId	Notice	zh_CN	en_US	pt_BR	ru_RU	ko_KR	de_DE	fr_FR	es_ES	it_IT	in_ID	th_TH	tr_TR	vi_VN	ja_JP
枚举类型	模板说明	备注	中文	英文	葡萄牙语	俄语	韩语	德语	法语	西语	意大利语	印尼语	泰语	土耳其	越南语	日语
1047001	GameName	GameName	领域之城	RealmCity	RealmCity	RealmCity	RealmCity	RealmCity	RealmCity	RealmCity	RealmCity	RealmCity	RealmCity	RealmCity	RealmCity	RealmCity
1047002	needTools	needTools	需要工具才能操作	You need a tool	Você precisa de uma ferramenta	Вам нужен инструмент	너는 도구가 필요해.	Du brauchst ein Werkzeug	Vous avez besoin d'un outil	Necesitas una herramienta	Hai bisogno di uno strumento	Anda membutuhkan alat	คุณต้องการเครื่องมือ	Bir araca ihtiyacınız var	Bạn cần một công cụ	あなたは道具が必要です
1047003	zoneLocked	zoneLocked	维护中，敬请期待	Under Maintenance, Coming Soon	Em manutenção, em breve	Находится на обслуживании, скоро	유지 보수 중입니다. 곧 제공 될 예정입니다.	In Wartung, in Kürze verfügbar	En cours de maintenance, à venir	En mantenimiento, próximamente	In Manutenzione, in arrivo	Dalam Pemeliharaan, Segera Hadir	ภายใต้การบำรุงรักษาเร็ว ๆ นี้	Bakım altında, yakında	Đang bảo trì, sắp ra mắt	メンテナンス中、近日発売
1047004	editMode	editMode	请打开编辑模式	Please enter edit mode	Por favor, entre no modo de edição	Пожалуйста, войдите в режим редактирования	수정 모드를 입력하십시오.	Bitte wechseln Sie in den Bearbeitungsmodus	Veuillez entrer en mode édition	Por favor ingrese el modo de edición	Si prega di inserire la modalità di modifica	Silakan masuk ke mode edit	โปรดเข้าสู่โหมดแก้ไข	Lütfen düzenleme moduna girin	Vui lòng vào chế độ chỉnh sửa	編集モードにしてください
1047005	manorLevelUp	manorLevelUp	该区域不可放置，请先升级领地 	You can’t place items in this area, please upgrade your realm	Você não pode colocar itens nessa área, atualize seu domínio	Вы не можете размещать предметы в этой области, обновите свою область	이 영역에 아이템을 놓을 수 없습니다. 영역을 업그레이드하십시오.	In diesem Bereich können keine Gegenstände platziert werden. Bitte aktualisiere dein Reich	Vous ne pouvez pas placer d’objets dans cette zone, veuillez mettre à jour votre royaume.	No puede colocar artículos en esta área, por favor actualice su reino	Non puoi piazzare oggetti in quest'area, per favore aggiorna il tuo reame	Anda tidak dapat menempatkan barang di area ini, harap tingkatkan wilayah Anda	คุณไม่สามารถวางรายการในพื้นที่นี้ได้โปรดอัปเกรดอาณาจักรของคุณ	Bu alana öğe yerleştiremezsiniz, lütfen alanınızı yükseltin	Bạn có thể đặt các vật phẩm trong khu vực này, vui lòng nâng cấp vương quốc của bạn	このエリアにアイテムを配置できません。レルムをアップグレードしてください
