﻿索引	任务ID	接任务NPC	完成条件ID（多个条件#号分割）	前置任务ID	其他开启条件(多个条件#号分割）	奖励(多个用#隔开)	数量	提示图片	按钮显示的内容	显示的标题(#为空)	对话内容(#分页)	领取任务之后对话	
id	taskId	receiveNpcId	requirement	lastTaskId	otherRequirement	rewards	num	icons	sureContent	title	dialog	dialogAffter	dialogComplete
1	101001	20002	20002001	0	@@@	9000001#1041001	1800#1	set:bird_icon.json image:storeitem_02#set:bird_icon.json image:g1041_coin_09	gui_dialog_tip_btn_sure	tastlang_id_20002	taskhello_20002#taskhello_20002_2#task_20002001	taskaffter_20002	taskcomplete_20002#taskcomplete_101001
2	102002	20002	20002002#20002003	101001	@@@	9000001#1041001	2900#2	set:bird_icon.json image:storeitem_02#set:bird_icon.json image:g1041_coin_09	gui_dialog_tip_btn_sure	tastlang_id_20002	taskold_20002#task_20002002#task_20002003	taskaffter_20002	taskcomplete_20002#taskcomplete_102002
3	103004	20002	20002004	102002	@@@	9000001#1041001	2300#3	set:bird_icon.json image:storeitem_02#set:bird_icon.json image:g1041_coin_09	gui_dialog_tip_btn_sure	tastlang_id_20002	taskold_20002#task_20002004	taskaffter_20002	taskcomplete_20002#taskcomplete_103004
4	103005	20002	20002005#20002006	103004	@@@	9000001#1041001	2300#4	set:bird_icon.json image:storeitem_02#set:bird_icon.json image:g1041_coin_09	gui_dialog_tip_btn_sure	tastlang_id_20002	taskold_20002#task_20002005#task_20002006	taskaffter_20002	taskcomplete_20002#taskcomplete_103005
5	104007	20002	20002007#20002008#20002009	103005	@@@	9000001#1041001	3900#5	set:bird_icon.json image:storeitem_02#set:bird_icon.json image:g1041_coin_09	gui_dialog_tip_btn_sure	tastlang_id_20002	taskold_20002#task_20002007#task_20002008#task_20002009	taskaffter_20002	taskcomplete_20002#taskcomplete_104007
6	104010	20002	20002010#20002011#20002012	104007	@@@	9000001#1041001	3900#6	set:bird_icon.json image:storeitem_02#set:bird_icon.json image:g1041_coin_09	gui_dialog_tip_btn_sure	tastlang_id_20002	taskold_20002#task_20002010#task_20002011#task_20002012	taskaffter_20002	taskcomplete_20002#taskcomplete_104010
7	104013	20002	20002013#20002014#20002015	104010	@@@	9000001#1041001	3900#7	set:bird_icon.json image:storeitem_02#set:bird_icon.json image:g1041_coin_09	gui_dialog_tip_btn_sure	tastlang_id_20002	taskold_20002#task_20002013#task_20002014#task_20002015	taskaffter_20002	taskcomplete_20002#taskcomplete_104013
8	104016	20002	20002016#20002017#20002018	104013	@@@	9000001#1041001	3900#8	set:bird_icon.json image:storeitem_02#set:bird_icon.json image:g1041_coin_09	gui_dialog_tip_btn_sure	tastlang_id_20002	taskold_20002#task_20002016#task_20002017#task_20002018	taskaffter_20002	taskcomplete_20002#taskcomplete_104016
9	105019	20002	20002019#20002017#20002021	104016	@@@	9000001#1041001	7200#9	set:bird_icon.json image:storeitem_02#set:bird_icon.json image:g1041_coin_09	gui_dialog_tip_btn_sure	tastlang_id_20002	taskold_20002#task_20002019#task_20002017#task_20002021	taskaffter_20002	taskcomplete_20002#taskcomplete_105019
10	105022	20002	20002022#20002017#20002024	105019	@@@	9000001#1041001	7200#10	set:bird_icon.json image:storeitem_02#set:bird_icon.json image:g1041_coin_09	gui_dialog_tip_btn_sure	tastlang_id_20002	taskold_20002#task_20002022#task_20002017#task_20002024	taskaffter_20002	taskcomplete_20002#taskcomplete_105022
11	105025	20002	20002025#20002026#20002027	105022	@@@	9000001#1041001	7200#11	set:bird_icon.json image:storeitem_02#set:bird_icon.json image:g1041_coin_09	gui_dialog_tip_btn_sure	tastlang_id_20002	taskold_20002#task_20002025#task_20002026#task_20002027	taskaffter_20002	taskcomplete_20002#taskcomplete_105025
12	106028	20002	20002028#20002026#20002030	105025	@@@	9000001#1041001	23000#12	set:bird_icon.json image:storeitem_02#set:bird_icon.json image:g1041_coin_09	gui_dialog_tip_btn_sure	tastlang_id_20002	taskold_20002#task_20002028#task_20002026#task_20002030	taskaffter_20002	taskcomplete_20002#taskcomplete_106028
13	106031	20002	20002031#20002026#20002033	106028	@@@	9000001#1041001	23000#13	set:bird_icon.json image:storeitem_02#set:bird_icon.json image:g1041_coin_09	gui_dialog_tip_btn_sure	tastlang_id_20002	taskold_20002#task_20002031#task_20002026#task_20002033	taskaffter_20002	taskcomplete_20002#taskcomplete_106031
14	107034	20002	20002034	106031	@@@	9000001#1041001	29000#14	set:bird_icon.json image:storeitem_02#set:bird_icon.json image:g1041_coin_09	gui_dialog_tip_btn_sure	tastlang_id_20002	taskold_20002#task_20002034	taskaffter_20002	taskcomplete_20002#taskcomplete_107034
15	107035	20002	20002035#20002036	107034	@@@	9000001#1041001	29000#15	set:bird_icon.json image:storeitem_02#set:bird_icon.json image:g1041_coin_09	gui_dialog_tip_btn_sure	tastlang_id_20002	taskold_20002#task_20002035#task_20002036	taskaffter_20002	taskcomplete_20002#taskcomplete_107035
16	107037	20002	20002037#20002036	107035	@@@	9000001#1041001	29000#16	set:bird_icon.json image:storeitem_02#set:bird_icon.json image:g1041_coin_09	gui_dialog_tip_btn_sure	tastlang_id_20002	taskold_20002#task_20002037#task_20002036	taskaffter_20002	taskcomplete_20002#taskcomplete_107037
17	107039	20002	20002021#20002024#20002027#20002042#20002041	107037	@@@	9000001#1041001	29000#17	set:bird_icon.json image:storeitem_02#set:bird_icon.json image:g1041_coin_09	gui_dialog_tip_btn_sure	tastlang_id_20002	taskold_20002#task_20002021#task_20002024#task_20002027#task_20002042#task_20002041	taskaffter_20002	taskcomplete_20002#taskcomplete_107039
18	108044	20002	20002044#20002036	107039	@@@	9000001#1041001	330000#18	set:bird_icon.json image:storeitem_02#set:bird_icon.json image:g1041_coin_09	gui_dialog_tip_btn_sure	tastlang_id_20002	taskold_20002#task_20002044#task_20002036	taskaffter_20002	taskcomplete_20002#taskcomplete_108044
19	109046	20002	20002046#20002047#20002050#20002051#20002052#20002049#20002048	108044	@@@	9000001#1041001	710000#19	set:bird_icon.json image:storeitem_02#set:bird_icon.json image:g1041_coin_09	gui_dialog_tip_btn_sure	tastlang_id_20002	taskold_20002#task_20002046#task_20002047#task_20002050#task_20002051#task_20002052#task_20002049#task_20002048	taskaffter_20002	taskcomplete_20002#taskcomplete_109046
20	110053	20002	20002053#20002054#20002056#20002055	109046	@@@	9000001#1041001	1000000#20	set:bird_icon.json image:storeitem_02#set:bird_icon.json image:g1041_coin_09	gui_dialog_tip_btn_sure	tastlang_id_20002	taskold_20002#task_20002053#task_20002054#task_20002056#task_20002055	taskaffter_20002	taskcomplete_20002#taskcomplete_110053
21	101057	20003	20003057	0	@@@	9000001	450	set:bird_icon.json image:storeitem_02	gui_dialog_tip_btn_sure	tastlang_id_20003	taskhello_20003#taskhello_20003_2#task_20003057	taskaffter_20003	taskcomplete_20003#taskcomplete_101057
22	101058	20003	20003058	101057	@@@	9000001	450	set:bird_icon.json image:storeitem_02	gui_dialog_tip_btn_sure	tastlang_id_20003	taskold_20003#task_20003058	taskaffter_20003	taskcomplete_20003#taskcomplete_101058
23	101059	20003	20003059	101058	@@@	9000001	450	set:bird_icon.json image:storeitem_02	gui_dialog_tip_btn_sure	tastlang_id_20003	taskold_20003#task_20003059	taskaffter_20003	taskcomplete_20003#taskcomplete_101059
24	101060	20003	20003060	101059	@@@	9000001	450	set:bird_icon.json image:storeitem_02	gui_dialog_tip_btn_sure	tastlang_id_20003	taskold_20003#task_20003060	taskaffter_20003	taskcomplete_20003#taskcomplete_101060
25	102061	20003	20003061	101060	@@@	9000001	490	set:bird_icon.json image:storeitem_02	gui_dialog_tip_btn_sure	tastlang_id_20003	taskold_20003#task_20003061	taskaffter_20003	taskcomplete_20003#taskcomplete_102061
26	102062	20003	20003062	102061	@@@	9000001	490	set:bird_icon.json image:storeitem_02	gui_dialog_tip_btn_sure	tastlang_id_20003	taskold_20003#task_20003062	taskaffter_20003	taskcomplete_20003#taskcomplete_102062
27	102063	20003	20003063#20003064#20003065	102062	@@@	9000001	490	set:bird_icon.json image:storeitem_02	gui_dialog_tip_btn_sure	tastlang_id_20003	taskold_20003#task_20003063#task_20003064#task_20003065	taskaffter_20003	taskcomplete_20003#taskcomplete_102063
28	102066	20003	20003066	102063	@@@	9000001	490	set:bird_icon.json image:storeitem_02	gui_dialog_tip_btn_sure	tastlang_id_20003	taskold_20003#task_20003066	taskaffter_20003	taskcomplete_20003#taskcomplete_102066
29	102067	20003	20003067#20003068	102066	@@@	9000001	490	set:bird_icon.json image:storeitem_02	gui_dialog_tip_btn_sure	tastlang_id_20003	taskold_20003#task_20003067#task_20003068	taskaffter_20003	taskcomplete_20003#taskcomplete_102067
30	102069	20003	20003069#20003070	102067	@@@	9000001	490	set:bird_icon.json image:storeitem_02	gui_dialog_tip_btn_sure	tastlang_id_20003	taskold_20003#task_20003069#task_20003070	taskaffter_20003	taskcomplete_20003#taskcomplete_102069
31	103071	20003	20003071	102069	@@@	9000001	580	set:bird_icon.json image:storeitem_02	gui_dialog_tip_btn_sure	tastlang_id_20003	taskold_20003#task_20003071	taskaffter_20003	taskcomplete_20003#taskcomplete_103071
32	103072	20003	20003072	103071	@@@	9000001	580	set:bird_icon.json image:storeitem_02	gui_dialog_tip_btn_sure	tastlang_id_20003	taskold_20003#task_20003072	taskaffter_20003	taskcomplete_20003#taskcomplete_103072
33	103073	20003	20003073	103072	@@@	9000001	580	set:bird_icon.json image:storeitem_02	gui_dialog_tip_btn_sure	tastlang_id_20003	taskold_20003#task_20003073	taskaffter_20003	taskcomplete_20003#taskcomplete_103073
34	103074	20003	20003074	103073	@@@	9000001	580	set:bird_icon.json image:storeitem_02	gui_dialog_tip_btn_sure	tastlang_id_20003	taskold_20003#task_20003074	taskaffter_20003	taskcomplete_20003#taskcomplete_103074
35	103075	20003	20003075#20003076	103074	@@@	9000001	580	set:bird_icon.json image:storeitem_02	gui_dialog_tip_btn_sure	tastlang_id_20003	taskold_20003#task_20003075#task_20003076	taskaffter_20003	taskcomplete_20003#taskcomplete_103075
36	103077	20003	20003077	103075	@@@	9000001	580	set:bird_icon.json image:storeitem_02	gui_dialog_tip_btn_sure	tastlang_id_20003	taskold_20003#task_20003077	taskaffter_20003	taskcomplete_20003#taskcomplete_103077
37	103078	20003	20003078	103077	@@@	9000001	580	set:bird_icon.json image:storeitem_02	gui_dialog_tip_btn_sure	tastlang_id_20003	taskold_20003#task_20003078	taskaffter_20003	taskcomplete_20003#taskcomplete_103078
38	103079	20003	20003079	103078	@@@	9000001	580	set:bird_icon.json image:storeitem_02	gui_dialog_tip_btn_sure	tastlang_id_20003	taskold_20003#task_20003079	taskaffter_20003	taskcomplete_20003#taskcomplete_103079
39	104080	20003	20003080	103079	@@@	9000001	3100	set:bird_icon.json image:storeitem_02	gui_dialog_tip_btn_sure	tastlang_id_20003	taskold_20003#task_20003080	taskaffter_20003	taskcomplete_20003#taskcomplete_104080
40	104081	20003	20003081#20003082#20003083	104080	@@@	9000001	3100	set:bird_icon.json image:storeitem_02	gui_dialog_tip_btn_sure	tastlang_id_20003	taskold_20003#task_20003081#task_20003082#task_20003083	taskaffter_20003	taskcomplete_20003#taskcomplete_104081
41	104084	20003	20003084	104081	@@@	9000001	3100	set:bird_icon.json image:storeitem_02	gui_dialog_tip_btn_sure	tastlang_id_20003	taskold_20003#task_20003084	taskaffter_20003	taskcomplete_20003#taskcomplete_104084
42	104085	20003	20003085#20003086#20003076#20003075#20003087	104084	@@@	9000001	3100	set:bird_icon.json image:storeitem_02	gui_dialog_tip_btn_sure	tastlang_id_20003	taskold_20003#task_20003085#task_20003086#task_20003076#task_20003075#task_20003087	taskaffter_20003	taskcomplete_20003#taskcomplete_104085
43	104090	20003	20003090#20003077#20003092	104085	@@@	9000001	3100	set:bird_icon.json image:storeitem_02	gui_dialog_tip_btn_sure	tastlang_id_20003	taskold_20003#task_20003090#task_20003077#task_20003092	taskaffter_20003	taskcomplete_20003#taskcomplete_104090
44	105093	20003	20003093#20003094#20003095	104090	@@@	9000001	3600	set:bird_icon.json image:storeitem_02	gui_dialog_tip_btn_sure	tastlang_id_20003	taskold_20003#task_20003093#task_20003094#task_20003095	taskaffter_20003	taskcomplete_20003#taskcomplete_105093
45	105096	20003	20003096#20003097#20003098	105093	@@@	9000001	3600	set:bird_icon.json image:storeitem_02	gui_dialog_tip_btn_sure	tastlang_id_20003	taskold_20003#task_20003096#task_20003097#task_20003098	taskaffter_20003	taskcomplete_20003#taskcomplete_105096
46	105099	20003	20003099#20003100#20003101	105096	@@@	9000001	3600	set:bird_icon.json image:storeitem_02	gui_dialog_tip_btn_sure	tastlang_id_20003	taskold_20003#task_20003099#task_20003100#task_20003101	taskaffter_20003	taskcomplete_20003#taskcomplete_105099
47	105102	20003	20003102	105099	@@@	9000001	3600	set:bird_icon.json image:storeitem_02	gui_dialog_tip_btn_sure	tastlang_id_20003	taskold_20003#task_20003102	taskaffter_20003	taskcomplete_20003#taskcomplete_105102
48	105103	20003	20003103#20003104	105102	@@@	9000001	3600	set:bird_icon.json image:storeitem_02	gui_dialog_tip_btn_sure	tastlang_id_20003	taskold_20003#task_20003103#task_20003104	taskaffter_20003	taskcomplete_20003#taskcomplete_105103
49	105105	20003	20003105#20003106#20003107	105103	@@@	9000001	3600	set:bird_icon.json image:storeitem_02	gui_dialog_tip_btn_sure	tastlang_id_20003	taskold_20003#task_20003105#task_20003106#task_20003107	taskaffter_20003	taskcomplete_20003#taskcomplete_105105
50	106108	20003	20003108#20003109	105105	@@@	9000001	6800	set:bird_icon.json image:storeitem_02	gui_dialog_tip_btn_sure	tastlang_id_20003	taskold_20003#task_20003108#task_20003109	taskaffter_20003	taskcomplete_20003#taskcomplete_106108
51	106110	20003	20003110	106108	@@@	9000001	6800	set:bird_icon.json image:storeitem_02	gui_dialog_tip_btn_sure	tastlang_id_20003	taskold_20003#task_20003110	taskaffter_20003	taskcomplete_20003#taskcomplete_106110
52	106111	20003	20003111#20003112#20003113	106110	@@@	9000001	6800	set:bird_icon.json image:storeitem_02	gui_dialog_tip_btn_sure	tastlang_id_20003	taskold_20003#task_20003111#task_20003112#task_20003113	taskaffter_20003	taskcomplete_20003#taskcomplete_106111
53	106114	20003	20003114#20003115	106111	@@@	9000001	6800	set:bird_icon.json image:storeitem_02	gui_dialog_tip_btn_sure	tastlang_id_20003	taskold_20003#task_20003114#task_20003115	taskaffter_20003	taskcomplete_20003#taskcomplete_106114
54	106116	20003	20003116#20003117#20003118	106114	@@@	9000001	6800	set:bird_icon.json image:storeitem_02	gui_dialog_tip_btn_sure	tastlang_id_20003	taskold_20003#task_20003116#task_20003117#task_20003118	taskaffter_20003	taskcomplete_20003#taskcomplete_106116
55	106119	20003	20003119	106116	@@@	9000001	6800	set:bird_icon.json image:storeitem_02	gui_dialog_tip_btn_sure	tastlang_id_20003	taskold_20003#task_20003119	taskaffter_20003	taskcomplete_20003#taskcomplete_106119
56	106120	20003	20003120	106119	@@@	9000001	6800	set:bird_icon.json image:storeitem_02	gui_dialog_tip_btn_sure	tastlang_id_20003	taskold_20003#task_20003120	taskaffter_20003	taskcomplete_20003#taskcomplete_106120
57	107121	20003	20003121	106120	@@@	9000001	10000	set:bird_icon.json image:storeitem_02	gui_dialog_tip_btn_sure	tastlang_id_20003	taskold_20003#task_20003121	taskaffter_20003	taskcomplete_20003#taskcomplete_107121
58	107122	20003	20003122#20003123#20003124	107121	@@@	9000001	10000	set:bird_icon.json image:storeitem_02	gui_dialog_tip_btn_sure	tastlang_id_20003	taskold_20003#task_20003122#task_20003123#task_20003124	taskaffter_20003	taskcomplete_20003#taskcomplete_107122
59	107125	20003	20003125	107122	@@@	9000001	10000	set:bird_icon.json image:storeitem_02	gui_dialog_tip_btn_sure	tastlang_id_20003	taskold_20003#task_20003125	taskaffter_20003	taskcomplete_20003#taskcomplete_107125
60	107126	20003	20003126#20003127	107125	@@@	9000001	10000	set:bird_icon.json image:storeitem_02	gui_dialog_tip_btn_sure	tastlang_id_20003	taskold_20003#task_20003126#task_20003127	taskaffter_20003	taskcomplete_20003#taskcomplete_107126
61	107128	20003	20003128#20003129#20003132#20003131#20003130	107126	@@@	9000001	10000	set:bird_icon.json image:storeitem_02	gui_dialog_tip_btn_sure	tastlang_id_20003	taskold_20003#task_20003128#task_20003129#task_20003132#task_20003131#task_20003130	taskaffter_20003	taskcomplete_20003#taskcomplete_107128
62	107133	20003	20003133	107128	@@@	9000001	10000	set:bird_icon.json image:storeitem_02	gui_dialog_tip_btn_sure	tastlang_id_20003	taskold_20003#task_20003133	taskaffter_20003	taskcomplete_20003#taskcomplete_107133
63	107134	20003	20003134#20003135	107133	@@@	9000001	10000	set:bird_icon.json image:storeitem_02	gui_dialog_tip_btn_sure	tastlang_id_20003	taskold_20003#task_20003134#task_20003135	taskaffter_20003	taskcomplete_20003#taskcomplete_107134
64	107136	20003	20003136#20003137#20003138	107134	@@@	9000001	10000	set:bird_icon.json image:storeitem_02	gui_dialog_tip_btn_sure	tastlang_id_20003	taskold_20003#task_20003136#task_20003137#task_20003138	taskaffter_20003	taskcomplete_20003#taskcomplete_107136
65	107139	20003	20003139#20003140#20003142#20003141	107136	@@@	9000001	10000	set:bird_icon.json image:storeitem_02	gui_dialog_tip_btn_sure	tastlang_id_20003	taskold_20003#task_20003139#task_20003140#task_20003142#task_20003141	taskaffter_20003	taskcomplete_20003#taskcomplete_107139
66	107143	20003	20003143#20003144	107139	@@@	9000001	10000	set:bird_icon.json image:storeitem_02	gui_dialog_tip_btn_sure	tastlang_id_20003	taskold_20003#task_20003143#task_20003144	taskaffter_20003	taskcomplete_20003#taskcomplete_107143
67	107145	20003	20003145#20003146	107143	@@@	9000001	10000	set:bird_icon.json image:storeitem_02	gui_dialog_tip_btn_sure	tastlang_id_20003	taskold_20003#task_20003145#task_20003146	taskaffter_20003	taskcomplete_20003#taskcomplete_107145
68	108147	20003	20003147#20003148#20003149	107145	@@@	9000001	82000	set:bird_icon.json image:storeitem_02	gui_dialog_tip_btn_sure	tastlang_id_20003	taskold_20003#task_20003147#task_20003148#task_20003149	taskaffter_20003	taskcomplete_20003#taskcomplete_108147
69	108150	20003	20003150	108147	@@@	9000001	82000	set:bird_icon.json image:storeitem_02	gui_dialog_tip_btn_sure	tastlang_id_20003	taskold_20003#task_20003150	taskaffter_20003	taskcomplete_20003#taskcomplete_108150
70	108151	20003	20003150	108150	@@@	9000001	82000	set:bird_icon.json image:storeitem_02	gui_dialog_tip_btn_sure	tastlang_id_20003	taskold_20003#task_20003150	taskaffter_20003	taskcomplete_20003#taskcomplete_108151
71	108152	20003	20003152	108151	@@@	9000001	82000	set:bird_icon.json image:storeitem_02	gui_dialog_tip_btn_sure	tastlang_id_20003	taskold_20003#task_20003152	taskaffter_20003	taskcomplete_20003#taskcomplete_108152
72	109153	20003	20003153	108152	@@@	9000001	110000	set:bird_icon.json image:storeitem_02	gui_dialog_tip_btn_sure	tastlang_id_20003	taskold_20003#task_20003153	taskaffter_20003	taskcomplete_20003#taskcomplete_109153
73	109154	20003	20003154	109153	@@@	9000001	110000	set:bird_icon.json image:storeitem_02	gui_dialog_tip_btn_sure	tastlang_id_20003	taskold_20003#task_20003154	taskaffter_20003	taskcomplete_20003#taskcomplete_109154
74	109155	20003	20003155#20003156#20003159#20003160#20003161#20003162#20003153#20003158#20003157	109154	@@@	9000001	110000	set:bird_icon.json image:storeitem_02	gui_dialog_tip_btn_sure	tastlang_id_20003	taskold_20003#task_20003155#task_20003156#task_20003159#task_20003160#task_20003161#task_20003162#task_20003153#task_20003158#task_20003157	taskaffter_20003	taskcomplete_20003#taskcomplete_109155
75	109164	20003	20003164#20003165	109155	@@@	9000001	110000	set:bird_icon.json image:storeitem_02	gui_dialog_tip_btn_sure	tastlang_id_20003	taskold_20003#task_20003164#task_20003165	taskaffter_20003	taskcomplete_20003#taskcomplete_109164
76	109166	20003	20003166	109164	@@@	9000001	110000	set:bird_icon.json image:storeitem_02	gui_dialog_tip_btn_sure	tastlang_id_20003	taskold_20003#task_20003166	taskaffter_20003	taskcomplete_20003#taskcomplete_109166
77	109167	20003	20003167	109166	@@@	9000001	110000	set:bird_icon.json image:storeitem_02	gui_dialog_tip_btn_sure	tastlang_id_20003	taskold_20003#task_20003167	taskaffter_20003	taskcomplete_20003#taskcomplete_109167
78	110168	20003	20003168	109167	@@@	9000001	150000	set:bird_icon.json image:storeitem_02	gui_dialog_tip_btn_sure	tastlang_id_20003	taskold_20003#task_20003168	taskaffter_20003	taskcomplete_20003#taskcomplete_110168
79	110169	20003	20003169#20003170	110168	@@@	9000001	150000	set:bird_icon.json image:storeitem_02	gui_dialog_tip_btn_sure	tastlang_id_20003	taskold_20003#task_20003169#task_20003170	taskaffter_20003	taskcomplete_20003#taskcomplete_110169
80	110171	20003	20003171#20003172	110169	@@@	9000001	150000	set:bird_icon.json image:storeitem_02	gui_dialog_tip_btn_sure	tastlang_id_20003	taskold_20003#task_20003171#task_20003172	taskaffter_20003	taskcomplete_20003#taskcomplete_110171
81	110173	20003	20003173#20003174#20003176#20003175	110171	@@@	9000001	150000	set:bird_icon.json image:storeitem_02	gui_dialog_tip_btn_sure	tastlang_id_20003	taskold_20003#task_20003173#task_20003174#task_20003176#task_20003175	taskaffter_20003	taskcomplete_20003#taskcomplete_110173
82	110177	20003	20003177	110173	@@@	9000001	150000	set:bird_icon.json image:storeitem_02	gui_dialog_tip_btn_sure	tastlang_id_20003	taskold_20003#task_20003177	taskaffter_20003	taskcomplete_20003#taskcomplete_110177
83	110178	20003	20003178#20003179	110177	@@@	9000001	150000	set:bird_icon.json image:storeitem_02	gui_dialog_tip_btn_sure	tastlang_id_20003	taskold_20003#task_20003178#task_20003179	taskaffter_20003	taskcomplete_20003#taskcomplete_110178
84	110180	20003	20003180#20003181	110178	@@@	9000001	150000	set:bird_icon.json image:storeitem_02	gui_dialog_tip_btn_sure	tastlang_id_20003	taskold_20003#task_20003180#task_20003181	taskaffter_20003	taskcomplete_20003#taskcomplete_110180
85	101182	20007	20007182#20007183#20007184	0	@@@	9000001	2700	set:bird_icon.json image:storeitem_02	gui_dialog_tip_btn_sure	tastlang_id_20007	taskhello_20007#taskhello_20007_2#task_20007182#task_20007183#task_20007184	taskaffter_20007	taskcomplete_20007#taskcomplete_101182
86	102185	20007	20007185#20007186	101182	@@@	9000001	1400	set:bird_icon.json image:storeitem_02	gui_dialog_tip_btn_sure	tastlang_id_20007	taskold_20007#task_20007185#task_20007186	taskaffter_20007	taskcomplete_20007#taskcomplete_102185
87	102187	20007	20007187#20007188	102185	@@@	9000001	1400	set:bird_icon.json image:storeitem_02	gui_dialog_tip_btn_sure	tastlang_id_20007	taskold_20007#task_20007187#task_20007188	taskaffter_20007	taskcomplete_20007#taskcomplete_102187
88	102189	20007	20007188#20007187#20007192#20007191	102187	@@@	9000001	1400	set:bird_icon.json image:storeitem_02	gui_dialog_tip_btn_sure	tastlang_id_20007	taskold_20007#task_20007188#task_20007187#task_20007192#task_20007191	taskaffter_20007	taskcomplete_20007#taskcomplete_102189
89	103193	20007	20007193#20007194#20007195	102189	@@@	9000001	2300	set:bird_icon.json image:storeitem_02	gui_dialog_tip_btn_sure	tastlang_id_20007	taskold_20007#task_20007193#task_20007194#task_20007195	taskaffter_20007	taskcomplete_20007#taskcomplete_103193
90	103196	20007	20007196#20007197	103193	@@@	9000001	2300	set:bird_icon.json image:storeitem_02	gui_dialog_tip_btn_sure	tastlang_id_20007	taskold_20007#task_20007196#task_20007197	taskaffter_20007	taskcomplete_20007#taskcomplete_103196
91	103198	20007	20007198#20007199#20007200	103196	@@@	9000001	2300	set:bird_icon.json image:storeitem_02	gui_dialog_tip_btn_sure	tastlang_id_20007	taskold_20007#task_20007198#task_20007199#task_20007200	taskaffter_20007	taskcomplete_20007#taskcomplete_103198
92	104201	20007	20007201#20007202	103198	@@@	9000001	4700	set:bird_icon.json image:storeitem_02	gui_dialog_tip_btn_sure	tastlang_id_20007	taskold_20007#task_20007201#task_20007202	taskaffter_20007	taskcomplete_20007#taskcomplete_104201
93	104203	20007	20007203	104201	@@@	9000001	4700	set:bird_icon.json image:storeitem_02	gui_dialog_tip_btn_sure	tastlang_id_20007	taskold_20007#task_20007203	taskaffter_20007	taskcomplete_20007#taskcomplete_104203
94	104204	20007	20007204	104203	@@@	9000001	4700	set:bird_icon.json image:storeitem_02	gui_dialog_tip_btn_sure	tastlang_id_20007	taskold_20007#task_20007204	taskaffter_20007	taskcomplete_20007#taskcomplete_104204
95	104205	20007	20007205#20007206#20007207	104204	@@@	9000001	4700	set:bird_icon.json image:storeitem_02	gui_dialog_tip_btn_sure	tastlang_id_20007	taskold_20007#task_20007205#task_20007206#task_20007207	taskaffter_20007	taskcomplete_20007#taskcomplete_104205
96	104208	20007	20007208	104205	@@@	9000001	4700	set:bird_icon.json image:storeitem_02	gui_dialog_tip_btn_sure	tastlang_id_20007	taskold_20007#task_20007208	taskaffter_20007	taskcomplete_20007#taskcomplete_104208
97	105209	20007	20007209#20007210	104208	@@@	9000001	8200	set:bird_icon.json image:storeitem_02	gui_dialog_tip_btn_sure	tastlang_id_20007	taskold_20007#task_20007209#task_20007210	taskaffter_20007	taskcomplete_20007#taskcomplete_105209
98	105211	20007	20007211	105209	@@@	9000001	8200	set:bird_icon.json image:storeitem_02	gui_dialog_tip_btn_sure	tastlang_id_20007	taskold_20007#task_20007211	taskaffter_20007	taskcomplete_20007#taskcomplete_105211
99	105212	20007	20007212	105211	@@@	9000001	8200	set:bird_icon.json image:storeitem_02	gui_dialog_tip_btn_sure	tastlang_id_20007	taskold_20007#task_20007212	taskaffter_20007	taskcomplete_20007#taskcomplete_105212
100	105213	20007	20007213#20007214#20007217#20007216#20007215	105212	@@@	9000001	8200	set:bird_icon.json image:storeitem_02	gui_dialog_tip_btn_sure	tastlang_id_20007	taskold_20007#task_20007213#task_20007214#task_20007217#task_20007216#task_20007215	taskaffter_20007	taskcomplete_20007#taskcomplete_105213
101	106218	20007	20007218	105213	@@@	9000001	8900	set:bird_icon.json image:storeitem_02	gui_dialog_tip_btn_sure	tastlang_id_20007	taskold_20007#task_20007218	taskaffter_20007	taskcomplete_20007#taskcomplete_106218
102	106219	20007	20007219#20007220#20007222#20007221	106218	@@@	9000001	8900	set:bird_icon.json image:storeitem_02	gui_dialog_tip_btn_sure	tastlang_id_20007	taskold_20007#task_20007219#task_20007220#task_20007222#task_20007221	taskaffter_20007	taskcomplete_20007#taskcomplete_106219
103	106223	20007	20007223	106219	@@@	9000001	8900	set:bird_icon.json image:storeitem_02	gui_dialog_tip_btn_sure	tastlang_id_20007	taskold_20007#task_20007223	taskaffter_20007	taskcomplete_20007#taskcomplete_106223
104	106224	20007	20007224	106223	@@@	9000001	8900	set:bird_icon.json image:storeitem_02	gui_dialog_tip_btn_sure	tastlang_id_20007	taskold_20007#task_20007224	taskaffter_20007	taskcomplete_20007#taskcomplete_106224
105	106225	20007	20007225#20007226	106224	@@@	9000001	8900	set:bird_icon.json image:storeitem_02	gui_dialog_tip_btn_sure	tastlang_id_20007	taskold_20007#task_20007225#task_20007226	taskaffter_20007	taskcomplete_20007#taskcomplete_106225
106	106227	20007	20007227	106225	@@@	9000001	8900	set:bird_icon.json image:storeitem_02	gui_dialog_tip_btn_sure	tastlang_id_20007	taskold_20007#task_20007227	taskaffter_20007	taskcomplete_20007#taskcomplete_106227
107	106228	20007	20007228	106227	@@@	9000001	8900	set:bird_icon.json image:storeitem_02	gui_dialog_tip_btn_sure	tastlang_id_20007	taskold_20007#task_20007228	taskaffter_20007	taskcomplete_20007#taskcomplete_106228
108	106229	20007	20007229#20007230#20007233#20007232#20007231	106228	@@@	9000001	8900	set:bird_icon.json image:storeitem_02	gui_dialog_tip_btn_sure	tastlang_id_20007	taskold_20007#task_20007229#task_20007230#task_20007233#task_20007232#task_20007231	taskaffter_20007	taskcomplete_20007#taskcomplete_106229
109	107234	20007	20007234#20007235#20007236	106229	@@@	9000001	25000	set:bird_icon.json image:storeitem_02	gui_dialog_tip_btn_sure	tastlang_id_20007	taskold_20007#task_20007234#task_20007235#task_20007236	taskaffter_20007	taskcomplete_20007#taskcomplete_107234
110	107237	20007	20007237#20007238#20007239	107234	@@@	9000001	25000	set:bird_icon.json image:storeitem_02	gui_dialog_tip_btn_sure	tastlang_id_20007	taskold_20007#task_20007237#task_20007238#task_20007239	taskaffter_20007	taskcomplete_20007#taskcomplete_107237
111	107240	20007	20007240#20007241#20007242	107237	@@@	9000001	25000	set:bird_icon.json image:storeitem_02	gui_dialog_tip_btn_sure	tastlang_id_20007	taskold_20007#task_20007240#task_20007241#task_20007242	taskaffter_20007	taskcomplete_20007#taskcomplete_107240
112	107243	20007	20007243#20007244#20007247#20007246#20007245	107240	@@@	9000001	25000	set:bird_icon.json image:storeitem_02	gui_dialog_tip_btn_sure	tastlang_id_20007	taskold_20007#task_20007243#task_20007244#task_20007247#task_20007246#task_20007245	taskaffter_20007	taskcomplete_20007#taskcomplete_107243
113	107248	20007	20007248	107243	@@@	9000001	25000	set:bird_icon.json image:storeitem_02	gui_dialog_tip_btn_sure	tastlang_id_20007	taskold_20007#task_20007248	taskaffter_20007	taskcomplete_20007#taskcomplete_107248
114	107249	20007	20007249#20007250#20007251	107248	@@@	9000001	25000	set:bird_icon.json image:storeitem_02	gui_dialog_tip_btn_sure	tastlang_id_20007	taskold_20007#task_20007249#task_20007250#task_20007251	taskaffter_20007	taskcomplete_20007#taskcomplete_107249
115	107252	20007	20007252#20007253#20007255#20007221	107249	@@@	9000001	25000	set:bird_icon.json image:storeitem_02	gui_dialog_tip_btn_sure	tastlang_id_20007	taskold_20007#task_20007252#task_20007253#task_20007255#task_20007221	taskaffter_20007	taskcomplete_20007#taskcomplete_107252
116	108256	20007	20007256	107252	@@@	9000001	99000	set:bird_icon.json image:storeitem_02	gui_dialog_tip_btn_sure	tastlang_id_20007	taskold_20007#task_20007256	taskaffter_20007	taskcomplete_20007#taskcomplete_108256
117	108257	20007	20007257	108256	@@@	9000001	99000	set:bird_icon.json image:storeitem_02	gui_dialog_tip_btn_sure	tastlang_id_20007	taskold_20007#task_20007257	taskaffter_20007	taskcomplete_20007#taskcomplete_108257
118	108258	20007	20007258	108257	@@@	9000001	99000	set:bird_icon.json image:storeitem_02	gui_dialog_tip_btn_sure	tastlang_id_20007	taskold_20007#task_20007258	taskaffter_20007	taskcomplete_20007#taskcomplete_108258
119	108259	20007	20007259	108258	@@@	9000001	99000	set:bird_icon.json image:storeitem_02	gui_dialog_tip_btn_sure	tastlang_id_20007	taskold_20007#task_20007259	taskaffter_20007	taskcomplete_20007#taskcomplete_108259
120	108260	20007	20007260#20007261#20007264#20007244#20007242#20007267#20007236#20007263#20007262	108259	@@@	9000001	99000	set:bird_icon.json image:storeitem_02	gui_dialog_tip_btn_sure	tastlang_id_20007	taskold_20007#task_20007260#task_20007261#task_20007264#task_20007244#task_20007242#task_20007267#task_20007236#task_20007263#task_20007262	taskaffter_20007	taskcomplete_20007#taskcomplete_108260
121	109270	20007	20007270	108260	@@@	9000001	530000	set:bird_icon.json image:storeitem_02	gui_dialog_tip_btn_sure	tastlang_id_20007	taskold_20007#task_20007270	taskaffter_20007	taskcomplete_20007#taskcomplete_109270
122	109271	20007	20007271#20007272#20007275#20007276#20007274#20007273	109270	@@@	9000001	530000	set:bird_icon.json image:storeitem_02	gui_dialog_tip_btn_sure	tastlang_id_20007	taskold_20007#task_20007271#task_20007272#task_20007275#task_20007276#task_20007274#task_20007273	taskaffter_20007	taskcomplete_20007#taskcomplete_109271
123	110277	20007	20007277	109271	@@@	9000001	320000	set:bird_icon.json image:storeitem_02	gui_dialog_tip_btn_sure	tastlang_id_20007	taskold_20007#task_20007277	taskaffter_20007	taskcomplete_20007#taskcomplete_110277
124	110278	20007	20007278	110277	@@@	9000001	320000	set:bird_icon.json image:storeitem_02	gui_dialog_tip_btn_sure	tastlang_id_20007	taskold_20007#task_20007278	taskaffter_20007	taskcomplete_20007#taskcomplete_110278
125	110279	20007	20007279#20007280#20007283#20007284#20007282#20007281	110278	@@@	9000001	320000	set:bird_icon.json image:storeitem_02	gui_dialog_tip_btn_sure	tastlang_id_20007	taskold_20007#task_20007279#task_20007280#task_20007283#task_20007284#task_20007282#task_20007281	taskaffter_20007	taskcomplete_20007#taskcomplete_110279
126	110285	20007	20007285	110279	@@@	9000001	320000	set:bird_icon.json image:storeitem_02	gui_dialog_tip_btn_sure	tastlang_id_20007	taskold_20007#task_20007285	taskaffter_20007	taskcomplete_20007#taskcomplete_110285
127	110286	20007	20007286#20007287#20007288	110285	@@@	9000001	320000	set:bird_icon.json image:storeitem_02	gui_dialog_tip_btn_sure	tastlang_id_20007	taskold_20007#task_20007286#task_20007287#task_20007288	taskaffter_20007	taskcomplete_20007#taskcomplete_110286
128	105289	20008	20008289#20008290	0	@@@	9000001	18000	set:bird_icon.json image:storeitem_02	gui_dialog_tip_btn_sure	tastlang_id_20008	taskhello_20008#taskhello_20008_2#task_20008289#task_20008290	taskaffter_20008	taskcomplete_20008#taskcomplete_105289
129	105291	20008	20008291	105289	@@@	9000001	18000	set:bird_icon.json image:storeitem_02	gui_dialog_tip_btn_sure	tastlang_id_20008	taskold_20008#task_20008291	taskaffter_20008	taskcomplete_20008#taskcomplete_105291
130	105292	20008	20007203	105291	@@@	9000001	18000	set:bird_icon.json image:storeitem_02	gui_dialog_tip_btn_sure	tastlang_id_20008	taskold_20008#task_20007203	taskaffter_20008	taskcomplete_20008#taskcomplete_105292
131	105293	20008	20008293#20008294	105292	@@@	9000001	18000	set:bird_icon.json image:storeitem_02	gui_dialog_tip_btn_sure	tastlang_id_20008	taskold_20008#task_20008293#task_20008294	taskaffter_20008	taskcomplete_20008#taskcomplete_105293
132	105295	20008	20008295#20008296	105293	@@@	9000001	18000	set:bird_icon.json image:storeitem_02	gui_dialog_tip_btn_sure	tastlang_id_20008	taskold_20008#task_20008295#task_20008296	taskaffter_20008	taskcomplete_20008#taskcomplete_105295
133	105297	20008	20007204#20008298	105295	@@@	9000001	18000	set:bird_icon.json image:storeitem_02	gui_dialog_tip_btn_sure	tastlang_id_20008	taskold_20008#task_20007204#task_20008298	taskaffter_20008	taskcomplete_20008#taskcomplete_105297
134	106299	20008	20008299#20008295#20008296#20008301	105297	@@@	9000001	47000	set:bird_icon.json image:storeitem_02	gui_dialog_tip_btn_sure	tastlang_id_20008	taskold_20008#task_20008299#task_20008295#task_20008296#task_20008301	taskaffter_20008	taskcomplete_20008#taskcomplete_106299
135	106303	20008	20008298	106299	@@@	9000001	47000	set:bird_icon.json image:storeitem_02	gui_dialog_tip_btn_sure	tastlang_id_20008	taskold_20008#task_20008298	taskaffter_20008	taskcomplete_20008#taskcomplete_106303
136	106304	20008	20008304	106303	@@@	9000001	47000	set:bird_icon.json image:storeitem_02	gui_dialog_tip_btn_sure	tastlang_id_20008	taskold_20008#task_20008304	taskaffter_20008	taskcomplete_20008#taskcomplete_106304
137	106305	20008	20008293#20007203#20008299	106304	@@@	9000001	47000	set:bird_icon.json image:storeitem_02	gui_dialog_tip_btn_sure	tastlang_id_20008	taskold_20008#task_20008293#task_20007203#task_20008299	taskaffter_20008	taskcomplete_20008#taskcomplete_106305
138	106308	20008	20008301#20008298	106305	@@@	9000001	47000	set:bird_icon.json image:storeitem_02	gui_dialog_tip_btn_sure	tastlang_id_20008	taskold_20008#task_20008301#task_20008298	taskaffter_20008	taskcomplete_20008#taskcomplete_106308
139	107310	20008	20008310	106308	@@@	9000001	74000	set:bird_icon.json image:storeitem_02	gui_dialog_tip_btn_sure	tastlang_id_20008	taskold_20008#task_20008310	taskaffter_20008	taskcomplete_20008#taskcomplete_107310
140	107311	20008	20008311#20008312	107310	@@@	9000001	74000	set:bird_icon.json image:storeitem_02	gui_dialog_tip_btn_sure	tastlang_id_20008	taskold_20008#task_20008311#task_20008312	taskaffter_20008	taskcomplete_20008#taskcomplete_107311
141	107313	20008	20008298	107311	@@@	9000001	74000	set:bird_icon.json image:storeitem_02	gui_dialog_tip_btn_sure	tastlang_id_20008	taskold_20008#task_20008298	taskaffter_20008	taskcomplete_20008#taskcomplete_107313
142	107314	20008	20008304	107313	@@@	9000001	74000	set:bird_icon.json image:storeitem_02	gui_dialog_tip_btn_sure	tastlang_id_20008	taskold_20008#task_20008304	taskaffter_20008	taskcomplete_20008#taskcomplete_107314
143	107315	20008	20008301#20008298	107314	@@@	9000001	74000	set:bird_icon.json image:storeitem_02	gui_dialog_tip_btn_sure	tastlang_id_20008	taskold_20008#task_20008301#task_20008298	taskaffter_20008	taskcomplete_20008#taskcomplete_107315
144	107317	20008	20008317#20008317	107315	@@@	9000001	74000	set:bird_icon.json image:storeitem_02	gui_dialog_tip_btn_sure	tastlang_id_20008	taskold_20008#task_20008317#task_20008317	taskaffter_20008	taskcomplete_20008#taskcomplete_107317
145	107319	20008	20008319	107317	@@@	9000001	74000	set:bird_icon.json image:storeitem_02	gui_dialog_tip_btn_sure	tastlang_id_20008	taskold_20008#task_20008319	taskaffter_20008	taskcomplete_20008#taskcomplete_107319
146	107320	20008	20008320#20008321#20008324#20008323#20008322	107319	@@@	9000001	74000	set:bird_icon.json image:storeitem_02	gui_dialog_tip_btn_sure	tastlang_id_20008	taskold_20008#task_20008320#task_20008321#task_20008324#task_20008323#task_20008322	taskaffter_20008	taskcomplete_20008#taskcomplete_107320
147	108325	20008	20008325	107320	@@@	9000001	330000	set:bird_icon.json image:storeitem_02	gui_dialog_tip_btn_sure	tastlang_id_20008	taskold_20008#task_20008325	taskaffter_20008	taskcomplete_20008#taskcomplete_108325
148	108326	20008	20008326#20008320	108325	@@@	9000001	330000	set:bird_icon.json image:storeitem_02	gui_dialog_tip_btn_sure	tastlang_id_20008	taskold_20008#task_20008326#task_20008320	taskaffter_20008	taskcomplete_20008#taskcomplete_108326
149	108328	20008	20008328	108326	@@@	9000001	330000	set:bird_icon.json image:storeitem_02	gui_dialog_tip_btn_sure	tastlang_id_20008	taskold_20008#task_20008328	taskaffter_20008	taskcomplete_20008#taskcomplete_108328
150	108329	20008	20008329	108328	@@@	9000001	330000	set:bird_icon.json image:storeitem_02	gui_dialog_tip_btn_sure	tastlang_id_20008	taskold_20008#task_20008329	taskaffter_20008	taskcomplete_20008#taskcomplete_108329
151	108330	20008	20008320	108329	@@@	9000001	330000	set:bird_icon.json image:storeitem_02	gui_dialog_tip_btn_sure	tastlang_id_20008	taskold_20008#task_20008320	taskaffter_20008	taskcomplete_20008#taskcomplete_108330
152	109331	20008	20008331#20008332#20008319#20008333	108330	@@@	9000001	590000	set:bird_icon.json image:storeitem_02	gui_dialog_tip_btn_sure	tastlang_id_20008	taskold_20008#task_20008331#task_20008332#task_20008319#task_20008333	taskaffter_20008	taskcomplete_20008#taskcomplete_109331
153	109335	20008	20008320	109331	@@@	9000001	590000	set:bird_icon.json image:storeitem_02	gui_dialog_tip_btn_sure	tastlang_id_20008	taskold_20008#task_20008320	taskaffter_20008	taskcomplete_20008#taskcomplete_109335
154	109336	20008	20008323	109335	@@@	9000001	590000	set:bird_icon.json image:storeitem_02	gui_dialog_tip_btn_sure	tastlang_id_20008	taskold_20008#task_20008323	taskaffter_20008	taskcomplete_20008#taskcomplete_109336
155	109337	20008	20008337#20008338#20008339	109336	@@@	9000001	590000	set:bird_icon.json image:storeitem_02	gui_dialog_tip_btn_sure	tastlang_id_20008	taskold_20008#task_20008337#task_20008338#task_20008339	taskaffter_20008	taskcomplete_20008#taskcomplete_109337
156	109340	20008	20008320#20008341	109337	@@@	9000001	590000	set:bird_icon.json image:storeitem_02	gui_dialog_tip_btn_sure	tastlang_id_20008	taskold_20008#task_20008320#task_20008341	taskaffter_20008	taskcomplete_20008#taskcomplete_109340
157	109342	20008	20008332#20007244	109340	@@@	9000001	590000	set:bird_icon.json image:storeitem_02	gui_dialog_tip_btn_sure	tastlang_id_20008	taskold_20008#task_20008332#task_20007244	taskaffter_20008	taskcomplete_20008#taskcomplete_109342
158	110344	20008	20008344#20008317	109342	@@@	9000001	1800000	set:bird_icon.json image:storeitem_02	gui_dialog_tip_btn_sure	tastlang_id_20008	taskold_20008#task_20008344#task_20008317	taskaffter_20008	taskcomplete_20008#taskcomplete_110344
159	110346	20008	20008346#20008347#20008325	110344	@@@	9000001	1800000	set:bird_icon.json image:storeitem_02	gui_dialog_tip_btn_sure	tastlang_id_20008	taskold_20008#task_20008346#task_20008347#task_20008325	taskaffter_20008	taskcomplete_20008#taskcomplete_110346
160	110349	20008	20008349#20008350#20008351	110346	@@@	9000001	1800000	set:bird_icon.json image:storeitem_02	gui_dialog_tip_btn_sure	tastlang_id_20008	taskold_20008#task_20008349#task_20008350#task_20008351	taskaffter_20008	taskcomplete_20008#taskcomplete_110349
161	101352	20009	20009352#20009353	0	@@@	9000001#9000002	1000#4	set:bird_icon.json image:storeitem_02#set:bird_icon.json image:storeitem_01	gui_dialog_tip_btn_sure	tastlang_id_20009	taskhello_20009#taskhello_20009_2#task_20009352#task_20009353	taskaffter_20009	taskcomplete_20009#taskcomplete_101352
162	101354	20009	20009354#20009355#20009356	101352	@@@	9000001#9000002	1000#5	set:bird_icon.json image:storeitem_02#set:bird_icon.json image:storeitem_01	gui_dialog_tip_btn_sure	tastlang_id_20009	taskold_20009#task_20009354#task_20009355#task_20009356	taskaffter_20009	taskcomplete_20009#taskcomplete_101354
163	101357	20009	20009357	101354	@@@	9000001#9000002	1000#5	set:bird_icon.json image:storeitem_02#set:bird_icon.json image:storeitem_01	gui_dialog_tip_btn_sure	tastlang_id_20009	taskold_20009#task_20009357	taskaffter_20009	taskcomplete_20009#taskcomplete_101357
164	101358	20009	20009358	101357	@@@	9000001#9000002	1000#7	set:bird_icon.json image:storeitem_02#set:bird_icon.json image:storeitem_01	gui_dialog_tip_btn_sure	tastlang_id_20009	taskold_20009#task_20009358	taskaffter_20009	taskcomplete_20009#taskcomplete_101358
165	101359	20009	20007228	101358	@@@	9000001#9000002	1000#9	set:bird_icon.json image:storeitem_02#set:bird_icon.json image:storeitem_01	gui_dialog_tip_btn_sure	tastlang_id_20009	taskold_20009#task_20007228	taskaffter_20009	taskcomplete_20009#taskcomplete_101359
