﻿序号	名字多语言	图标	简介	增加经验		注释	注释
id	name	icon	desc	exp		ps	ps
1041001	fruitcoin_1041001	set:bird_icon.json image:g1041_coin_09	discribe_601	1		1085	饼干
1041009	fruitcoin_1041009	set:bird_icon.json image:g1041_coin_10	discribe_606	10		1086	蓝莓
1041006	fruitcoin_1041006	set:bird_icon.json image:g1041_coin_11	discribe_605	5		1087	猕猴桃
1041005	fruitcoin_1041005	set:bird_icon.json image:g1041_coin_12	discribe_604	5		1088	葡萄
1041010	fruitcoin_1041010	set:bird_icon.json image:g1041_coin_13	discribe_607	10		1089	桃子
1041003	fruitcoin_1041003	set:bird_icon.json image:g1041_coin_14	discribe_602	5		1090	香蕉
1041004	fruitcoin_1041004	set:bird_icon.json image:g1041_coin_15	discribe_603	5		1091	西瓜
