模型Id	模型名称	body	bodyId	初始位置x	初始位置y	初始位置z	落地点位置x	落地点位置y	落地点位置z	等级限制	提示(GameTip/g1041.csv的id)	(y1-y的高度) + 增量的高度
id	actor	body	bodyId	x	y	z	x1	y1	z1	level	tipId	addHeight
1	g1041_cannon.actor	body	1	-598.5	13	-199.5	-657.5	17	-267.5	4	1041009	10
2	g1041_cannon.actor	body	3	-661.5	31	-292.5	-609.5	11	-218.5	10	1041011	10
3	g1041_cannon.actor	body	2	-638.5	15	-259.5	-681.5	23	-276.5	8	1041010	12
4	g1041_cannon.actor	body	4	-609.5	16	-190.5	-671.5	27	-188.5	10	1041011	25
