id	actor名称	默认是body	正整数	领取之后的模型	领取之后的body	领取之后的bodyId	坐标x	坐标y	坐标z	朝向	区域起点X坐标	区域起点Y坐标	区域起点Z坐标	区域终点X坐标	区域终点Y坐标	区域终点Z坐标	宝箱类型(0普通宝箱，1vip宝箱)	奖品id	最低值	最高值	刷新时间（s）	弹窗提示	vip好像对应的特权id	图标	小鸟系数	奖品名称多语言
id	actorName	actorBody	actorBodyId	modleName	modleBody	modleBodyId	x	y	z	yaw	x1	y1	z1	x2	y2	z2	type	itemId	minNum	maxNum	refreshCD	tips	bindld	icon	birdRation	itemName
1	g1041_chest.actor	body	1	g1041_chest_sign.actor	body	1	-611	13	-252	270	-613	12	-255	-608	16	-250	0	9000001	1000	1500	900	@@@	0	@@@	100	@@@
2	g1041_chest.actor	body	2	g1041_chest_sign.actor	body	2	-658	21	-257	180	-660	20	-259	-656	25	-255	0	9000002	20	30	14400	@@@	0	set:bird_icon.json image:storeitem_01	@@@	fruitcoin_9000002
3	g1041_chest.actor	body	3	g1041_chest_sign.actor	body	3	-611	13	-248	270	-613	12	-250	-608	16	-245	1	9000001	2000	3000	900	chesttips1	10001	@@@	200	@@@
4	g1041_chest.actor	body	4	g1041_chest_sign.actor	body	4	-654	21	-257	180	-656	20	-259	-652	25	-255	1	9000002	30	50	14400	chesttips2	10002	set:bird_icon.json image:storeitem_01	@@@	fruitcoin_9000002
