﻿id	actor名称	默认是body	正整数	领取之后的模型	领取之后的body	领取之后的bodyId	坐标x	坐标y	坐标z	朝向	区域起点X坐标	区域起点Y坐标	区域起点Z坐标	区域终点X坐标	区域终点Y坐标	区域终点Z坐标	宝箱类型(0普通宝箱，1vip宝箱)	奖品id	最低值	最高值	刷新时间（s）	弹窗提示	vip好像对应的特权id
id	actorName	actorBody	actorBodyId	modleName	modleBody	modleBodyId	x	y	z	yaw	x1	y1	z1	x2	y2	z2	type	itemId	minNum	maxNum	refreshCD	tips	bindld
1	g1041_chest.actor	body	1	g1041_chest_sign.actor	body	1	-611	13	-251	270	-613	9	-256	-607	14	-250	0	9000001	1000	1500	900	1	0
2	g1041_chest.actor	body	2	g1041_chest_sign.actor	body	2	-658	21	-257	180	-613	9	-251	-607	14	-245	0	9000002	2	4	14400	1	0
3	g1041_chest.actor	body	3	g1041_chest_sign.actor	body	3	-611	13	-248	270	-613	9	-246	-607	14	-240	1	9000001	2000	3000	900	1	10001
4	g1041_chest.actor	body	4	g1041_chest_sign.actor	body	4	-654	21	-257	180	-613	9	-241	-607	14	-235	1	9000002	3	5	14400	1	10002
