﻿id	npc类型(1.日常  2.主线)	名字多语言	actor名字	默认是body	bodyid	npc的坐标x	npc的坐标y	npc的坐标z	yaw	有提示的动作	没提示的动作	提示actor的名字	提示actor的Body（前面表示 没提示    后面 表示有提示）	提示actor的BodyId	坐标X	坐标Y	坐标Z	npc接任务区域起点x	npc接任务区域起点y	npc接任务区域起点z	npc接任务区域终点x	npc接任务区域终点y	npc接任务区域终点z	没任务可以接的对话	中文	注释
id	npcType	name	actorName	actorBody	actorBodyId	x	y	z	yaw	canReceiveAction	defaultAction	tipActorName	tipActorBody	tipActorBodyId	tipx	tipy	tipz	x1	y1	z1	x2	y2	z2	normalTitle	normalDialog	ps
20001	1	tastlang_id_20001	g1041_npc1.actor	body	6	-590	11	-249	90	wave	idle	g1041_stand.actor	body#body	1#3	-592	11	-249	-595	10	-252	-589	16	-246	tastlang_id_20001	tastnpc_20001	我需要等待4h才能领取下一个任务。而不是像其他居民一样完成一个，才能领下一个。
20002	2	tastlang_id_20002	g1041_npc1.actor	body	2	-649	11	-204	270	wave	idle	g1041_stand.actor	body#body	1#2	-647	11	-204	-651	10	-207	-645	16	-201	tastlang_id_20002	tastnpc_20002	按照我的训练，一步步进行，就可以成为真正的小鸟训练家。
20003	2	tastlang_id_20003	g1041_npc1.actor	body	1	-612	11	-207	270	wave	idle	g1041_stand.actor	body#body	1#2	-610	11	-207	-613	10	-210	-607	16	-204	tastlang_id_20003	tastnpc_20003	我是绿猪比尔，需要你帮我去田里采集水果。
20006	2	tastlang_id_20006	g1041_npc1.actor	body	4	-671	17	-217	270	wave	idle	g1041_stand.actor	body#body	1#2	-669	17	-217	-672	16	-220	-666	22	-214	tastlang_id_20006	tastnpc_20006	我是研究小鸟融合的博士，但是我现在还不需要你的帮助。
20007	2	tastlang_id_20007	g1041_npc2.actor	body	1	-604	12	-188	180	wave	idle	g1041_stand.actor	body#body	1#2	-604	12	-190	-607	11	-193	-601	17	-187	tastlang_id_20007	tastnpc_20007	我是佩奇，虽然现在是个大人了，但也需要你帮我采集水果。
20008	2	tastlang_id_20008	g1041_npc1.actor	body	5	-656	14	-257	0	wave	idle	g1041_stand.actor	body#body	1#2	-656	14	-255	-659	16	-258	-653	22	-252	tastlang_id_20008	tastnpc_20008	来锻炼身体吧，先从这只瓢虫开始。
20009	2	tastlang_id_20009	g1041_npc1.actor	body	3	-612	11	-225	270	wave	idle	g1041_stand.actor	body#body	1#2	-610	11	-225	-613	10	-228	-607	16	-222	tastlang_id_20009	tastnpc_20009	新出生的训练家都会来我这里报道，而现在大家都更加熟悉热带岛了，也就不再来找我了。
