﻿id	npc类型(1.日常  2.主线)	名字多语言	actor名字	默认是body	bodyid	npc的坐标x	npc的坐标y	npc的坐标z	yaw	有提示的动作	没提示的动作	提示actor的名字	提示actor的Body（前面表示 没提示    后面 表示有提示）	提示actor的BodyId	坐标X	坐标Y	坐标Z	npc接任务区域起点x	npc接任务区域起点y	npc接任务区域起点z	npc接任务区域终点x	npc接任务区域终点y	npc接任务区域终点z	没任务可以接的对话	中文	注释
id	npcType	name	actorName	actorBody	actorBodyId	x	y	z	yaw	canReceiveAction	defaultAction	tipActorName	tipActorBody	tipActorBodyId	tipx	tipy	tipz	x1	y1	z1	x2	y2	z2	normalTitle	normalDialog	ps
20001	1	tastlang_id_20001	g1041_npc1.actor	body	6	-598	11	-252	90	wave	idle	g1041_stand.actor	body#body	1#3	-600	11	-252	-603	10	-255	-597	16	-249	tastlang_id_20001	tasknpc_20001	飞猪彼得
20002	2	tastlang_id_20002	g1041_npc1.actor	body	2	-671	17	-217	270	wave	idle	g1041_stand.actor	body#body	1#2	-669	17	-217	-672	16	-220	-666	22	-214	tastlang_id_20002	tasknpc_20002	安吉拉
20003	2	tastlang_id_20003	g1041_npc1.actor	body	1	-612	11	-207	270	wave	idle	g1041_stand.actor	body#body	1#2	-610	11	-207	-613	10	-210	-607	16	-204	tastlang_id_20003	tasknpc_20003	比尔
20007	2	tastlang_id_20007	g1041_npc2.actor	body	1	-604	12	-188	180	wave	idle	g1041_stand.actor	body#body	1#2	-604	12	-190	-607	11	-193	-601	17	-187	tastlang_id_20007	tasknpc_20007	粉猪佩妮
20008	2	tastlang_id_20008	g1041_npc1.actor	body	5	-656	14	-257	0	wave	idle	g1041_stand.actor	body#body	1#2	-656	14	-255	-659	13	-258	-653	16	-252	tastlang_id_20008	tasknpc_20008	弗雷德
20009	2	tastlang_id_20009	g1041_npc1.actor	body	3	-612	11	-225	270	wave	idle	g1041_stand.actor	body#body	1#2	-610	11	-225	-613	10	-228	-607	16	-222	tastlang_id_20009	tasknpc_20009_2#tasknpc_20009_3#tasknpc_20009_4#tasknpc_20009_5#tasknpc_20009_6#tasknpc_20009_7#tasknpc_20009_8#tasknpc_20009_1	博士贝斯
