﻿索引	任务ID	接任务NPC	完成条件ID（多个条件#号分割）	前置任务ID	其他开启条件(多个条件#号分割）	奖励(多个用#隔开)	数量	提示图片	按钮显示的内容	显示的标题(#为空)	对话内容(#分页)	领取任务之后对话
id	taskId	receiveNpcId	requirement	lastTaskId	otherRequirement	rewards	num	icons	sureContent	title	dialog	dialogAffter
1	101001	20002	20002001	0	@@@	9000001#1041001	410#20	set:bird_icon.json image:storeitem_02#set:bird_icon.json image:g1041_coin_09	gui_dialog_tip_btn_sure	#	test_20002001	tasknpc_20002
2	102002	20002	20002002#20002003	101001	@@@	9000001#1041003	730#20	set:bird_icon.json image:storeitem_02#set:bird_icon.json image:g1041_coin_14	gui_dialog_tip_btn_sure	#	test_20002002#test_20002003	tasknpc_20002
3	103004	20002	20002004	102002	@@@	9000001#1041004	1100#20	set:bird_icon.json image:storeitem_02#set:bird_icon.json image:g1041_coin_15	gui_dialog_tip_btn_sure	#	test_20002004	tasknpc_20002
4	103005	20002	20002005#20002006#20002007	103004	@@@	9000001#1041005	1100#20	set:bird_icon.json image:storeitem_02#set:bird_icon.json image:g1041_coin_12	gui_dialog_tip_btn_sure	#	test_20002005#test_20002006#test_20002007	tasknpc_20002
5	104008	20002	20002008#20002009	103005	@@@	9000001#1041006	11000#20	set:bird_icon.json image:storeitem_02#set:bird_icon.json image:g1041_coin_11	gui_dialog_tip_btn_sure	#	test_20002008#test_20002009	tasknpc_20002
6	105010	20002	20002010#20002011#20002013#20002012	104008	@@@	9000001#1041009	8700#20	set:bird_icon.json image:storeitem_02#set:bird_icon.json image:g1041_coin_10	gui_dialog_tip_btn_sure	#	test_20002010#test_20002011#test_20002013#test_20002012	tasknpc_20002
7	101014	20003	20003014	0	@@@	9000001#1041010	410#20	set:bird_icon.json image:storeitem_02#set:bird_icon.json image:g1041_coin_13	gui_dialog_tip_btn_sure	#	test_20003014	tasknpc_20003
8	101015	20003	20003015	101014	@@@	9000001#9000002	410#1	set:bird_icon.json image:storeitem_02#set:bird_icon.json image:storeitem_01	gui_dialog_tip_btn_sure	#	test_20003015	tasknpc_20003
9	102016	20003	20003016#20003017	101015	@@@	9000001#9000002	730#1	set:bird_icon.json image:storeitem_02#set:bird_icon.json image:storeitem_01	gui_dialog_tip_btn_sure	#	test_20003016#test_20003017	tasknpc_20003
10	102018	20003	20003018	102016	@@@	9000001#9000002	730#1	set:bird_icon.json image:storeitem_02#set:bird_icon.json image:storeitem_01	gui_dialog_tip_btn_sure	#	test_20003018	tasknpc_20003
11	102019	20003	20003019	102018	@@@	9000001#9000002	730#1	set:bird_icon.json image:storeitem_02#set:bird_icon.json image:storeitem_01	gui_dialog_tip_btn_sure	#	test_20003019	tasknpc_20003
12	103020	20003	20003020	102019	@@@	9000001#9000002	1100#1	set:bird_icon.json image:storeitem_02#set:bird_icon.json image:storeitem_01	gui_dialog_tip_btn_sure	#	test_20003020	tasknpc_20003
13	103021	20003	20003020#20003022#20003023	103020	@@@	9000001#9000002	1100#1	set:bird_icon.json image:storeitem_02#set:bird_icon.json image:storeitem_01	gui_dialog_tip_btn_sure	#	test_20003020#test_20003022#test_20003023	tasknpc_20003
14	103024	20003	20003024	103021	@@@	9000001#9000002	1100#1	set:bird_icon.json image:storeitem_02#set:bird_icon.json image:storeitem_01	gui_dialog_tip_btn_sure	#	test_20003024	tasknpc_20003
15	104025	20003	20003025#20003026#20003029#20003030#20003028#20003027	103024	@@@	9000001#9000002	11000#1	set:bird_icon.json image:storeitem_02#set:bird_icon.json image:storeitem_01	gui_dialog_tip_btn_sure	#	test_20003025#test_20003026#test_20003029#test_20003030#test_20003028#test_20003027	tasknpc_20003
16	105031	20003	20003031	104025	@@@	9000001#9000002	8700#1	set:bird_icon.json image:storeitem_02#set:bird_icon.json image:storeitem_01	gui_dialog_tip_btn_sure	#	test_20003031	tasknpc_20003
17	105032	20003	20003032#20003033	105031	@@@	9000001#9000002	8700#1	set:bird_icon.json image:storeitem_02#set:bird_icon.json image:storeitem_01	gui_dialog_tip_btn_sure	#	test_20003032#test_20003033	tasknpc_20003
18	105034	20003	20003034	105032	@@@	9000001#9000002	8700#1	set:bird_icon.json image:storeitem_02#set:bird_icon.json image:storeitem_01	gui_dialog_tip_btn_sure	#	test_20003034	tasknpc_20003
19	105035	20003	20003035	105034	@@@	9000001#9000002	8700#1	set:bird_icon.json image:storeitem_02#set:bird_icon.json image:storeitem_01	gui_dialog_tip_btn_sure	#	test_20003035	tasknpc_20003
20	105036	20003	20003036	105035	@@@	9000001#9000002	8700#1	set:bird_icon.json image:storeitem_02#set:bird_icon.json image:storeitem_01	gui_dialog_tip_btn_sure	#	test_20003036	tasknpc_20003
21	102037	20007	20007037#20007038	0	@@@	9000001#9000002	730#1	set:bird_icon.json image:storeitem_02#set:bird_icon.json image:storeitem_01	gui_dialog_tip_btn_sure	#	test_20007037#test_20007038	tasknpc_20007
22	102039	20007	20007039#20007040	102037	@@@	9000001#9000002	730#1	set:bird_icon.json image:storeitem_02#set:bird_icon.json image:storeitem_01	gui_dialog_tip_btn_sure	#	test_20007039#test_20007040	tasknpc_20007
23	103041	20007	20007041#20007042#20007044#20007043	102039	@@@	9000001#9000002	1100#1	set:bird_icon.json image:storeitem_02#set:bird_icon.json image:storeitem_01	gui_dialog_tip_btn_sure	#	test_20007041#test_20007042#test_20007044#test_20007043	tasknpc_20007
24	104045	20007	20007045#20007046	103041	@@@	9000001#9000002	11000#1	set:bird_icon.json image:storeitem_02#set:bird_icon.json image:storeitem_01	gui_dialog_tip_btn_sure	#	test_20007045#test_20007046	tasknpc_20007
25	104047	20007	20007047#20007048	104045	@@@	9000001#9000002	11000#1	set:bird_icon.json image:storeitem_02#set:bird_icon.json image:storeitem_01	gui_dialog_tip_btn_sure	#	test_20007047#test_20007048	tasknpc_20007
26	105049	20007	20007049	104047	@@@	9000001#9000002	8700#1	set:bird_icon.json image:storeitem_02#set:bird_icon.json image:storeitem_01	gui_dialog_tip_btn_sure	#	test_20007049	tasknpc_20007
27	105050	20007	20007050	105049	@@@	9000001#9000002	8700#1	set:bird_icon.json image:storeitem_02#set:bird_icon.json image:storeitem_01	gui_dialog_tip_btn_sure	#	test_20007050	tasknpc_20007
28	105051	20007	20007051	105050	@@@	9000001#9000002	8700#1	set:bird_icon.json image:storeitem_02#set:bird_icon.json image:storeitem_01	gui_dialog_tip_btn_sure	#	test_20007051	tasknpc_20007
29	105052	20007	20007052#20007053#20007054	105051	@@@	9000001#9000002	8700#1	set:bird_icon.json image:storeitem_02#set:bird_icon.json image:storeitem_01	gui_dialog_tip_btn_sure	#	test_20007052#test_20007053#test_20007054	tasknpc_20007
30	105055	20008	20008055	0	@@@	9000001#9000002	8700#1	set:bird_icon.json image:storeitem_02#set:bird_icon.json image:storeitem_01	gui_dialog_tip_btn_sure	#	test_20008055	tasknpc_20008
31	105056	20008	20008056	105055	@@@	9000001#9000002	8700#1	set:bird_icon.json image:storeitem_02#set:bird_icon.json image:storeitem_01	gui_dialog_tip_btn_sure	#	test_20008056	tasknpc_20008
32	105057	20008	20008057	105056	@@@	9000001#9000002	8700#1	set:bird_icon.json image:storeitem_02#set:bird_icon.json image:storeitem_01	gui_dialog_tip_btn_sure	#	test_20008057	tasknpc_20008
33	101058	20009	20009058#20009059	0	@@@	9000001#9000002	410#1	set:bird_icon.json image:storeitem_02#set:bird_icon.json image:storeitem_01	gui_dialog_tip_btn_sure	#	test_20009058#test_20009059	tasknpc_20009
34	101060	20009	20009060#20009061#20009062	101058	@@@	9000001#9000002	410#1	set:bird_icon.json image:storeitem_02#set:bird_icon.json image:storeitem_01	gui_dialog_tip_btn_sure	#	test_20009060#test_20009061#test_20009062	tasknpc_20009
35	103063	20009	20009063	101060	@@@	9000001#9000002	1100#1	set:bird_icon.json image:storeitem_02#set:bird_icon.json image:storeitem_01	gui_dialog_tip_btn_sure	#	test_20009063	tasknpc_20009
36	102064	20009	20009064#20009065	103063	@@@	9000001#9000002	730#1	set:bird_icon.json image:storeitem_02#set:bird_icon.json image:storeitem_01	gui_dialog_tip_btn_sure	#	test_20009064#test_20009065	tasknpc_20009
37	103066	20009	20009066#20009067	102064	@@@	9000001#9000002	1100#1	set:bird_icon.json image:storeitem_02#set:bird_icon.json image:storeitem_01	gui_dialog_tip_btn_sure	#	test_20009066#test_20009067	tasknpc_20009
38	104068	20009	20009068#20009067	103066	@@@	9000001#9000002	11000#1	set:bird_icon.json image:storeitem_02#set:bird_icon.json image:storeitem_01	gui_dialog_tip_btn_sure	#	test_20009068#test_20009067	tasknpc_20009
39	105070	20009	20009070#20009067#20009072	104068	@@@	9000001#9000002	8700#1	set:bird_icon.json image:storeitem_02#set:bird_icon.json image:storeitem_01	gui_dialog_tip_btn_sure	#	test_20009070#test_20009067#test_20009072	tasknpc_20009
												
												
												
												
												
												
												
												
												
												
												
												
												
												
