﻿索引	任务ID	接任务NPC	完成条件ID（多个条件#号分割）	其他开启条件(多个条件#号分割）	鸟巢格子数量（最低携带位）	鸟巢格子数量（最高携带位）	权重	等待时间（s）	奖励(多个用#隔开)	数量	提示图片	按钮显示的内容	显示的标题(#为空)	对话内容(#分页)	领取任务之后对话
id	taskId	receiveNpcId	requirement	otherRequirement	minBox	maxBox	weight	waitTime	rewards	num	icons	sureContent	title	dialog	dialogAffter
1	201001	20001	20001073	@@@	1	1	10	60	9000002	2	set:bird_icon.json image:storeitem_01	gui_dialog_tip_btn_sure	tast_richang_title	tast_richang_content	tast_richang_after
2	202002	20001	20001074	@@@	2	2	10	60	9000002	2	set:bird_icon.json image:storeitem_01	gui_dialog_tip_btn_sure	tast_richang_title	tast_richang_content	tast_richang_after
															
															
															
															
															
															
															
															
															
															
															
															
															
															
															
															
															
															
															
															
															
