id	品质	actor名称	默认配置应该是body	BodyId1(100%hp)	BodyId2(75%hp)	BodyId3(50%hp)	BodyId4(25%hp)	基础分值	刷新几率（0-100百分比）	每波奖励掉落数量	每波奖励间隔	奖励组	额外奖励数量	提示(GameTip/g1041.csv的id)
id	quantity	actor	body	bodyId1	bodyId2	bodyId3	bodyId4	basicPoint	possibility	waveAmount	waveInterval	rewardTeam	extraAmount	tipId
1	1	g1041_tree.actor	body	1	2	3	4	5000	50	4	1	1#2#3#4#5	10	1041013
2	2	g1041_tree.actor	body	5	6	7	8	10000	35	5	1	6#7#8#9#10	15	1041014
3	3	g1041_tree.actor	body	9	10	11	12	50000	10	6	1	11#12#13#14#15	20	1041015
4	4	g1041_tree.actor	body	13	14	15	16	200000	5	7	1	16#17#18#19#20	25	1041016
