{"frames": {

"building_100_01":
{
	"frame": {"x":0,"y":0,"w":100,"h":100},
	"offset": {"x":0,"y":0,"w":100,"h":100},
	"sourceSize": {"w":100,"h":100}
},
"building_100_02":
{
	"frame": {"x":100,"y":0,"w":100,"h":100},
	"offset": {"x":0,"y":0,"w":100,"h":100},
	"sourceSize": {"w":100,"h":100}
},
"building_100_03":
{
	"frame": {"x":200,"y":0,"w":100,"h":100},
	"offset": {"x":0,"y":0,"w":100,"h":100},
	"sourceSize": {"w":100,"h":100}
},
"building_100_04":
{
	"frame": {"x":300,"y":0,"w":100,"h":100},
	"offset": {"x":0,"y":0,"w":100,"h":100},
	"sourceSize": {"w":100,"h":100}
},
"building_100_05":
{
	"frame": {"x":400,"y":0,"w":100,"h":100},
	"offset": {"x":0,"y":0,"w":100,"h":100},
	"sourceSize": {"w":100,"h":100}
},
"building_100_06":
{
	"frame": {"x":500,"y":0,"w":100,"h":100},
	"offset": {"x":0,"y":0,"w":100,"h":100},
	"sourceSize": {"w":100,"h":100}
},
"building_100_07":
{
	"frame": {"x":600,"y":0,"w":100,"h":100},
	"offset": {"x":0,"y":0,"w":100,"h":100},
	"sourceSize": {"w":100,"h":100}
},
"building_100_08":
{
	"frame": {"x":700,"y":0,"w":100,"h":100},
	"offset": {"x":0,"y":0,"w":100,"h":100},
	"sourceSize": {"w":100,"h":100}
},
"building_100_09":
{
	"frame": {"x":800,"y":0,"w":100,"h":100},
	"offset": {"x":0,"y":0,"w":100,"h":100},
	"sourceSize": {"w":100,"h":100}
},
"building_100_10":
{
	"frame": {"x":900,"y":0,"w":100,"h":100},
	"offset": {"x":0,"y":0,"w":100,"h":100},
	"sourceSize": {"w":100,"h":100}
},
"building_100_11":
{
	"frame": {"x":1000,"y":0,"w":100,"h":100},
	"offset": {"x":0,"y":0,"w":100,"h":100},
	"sourceSize": {"w":100,"h":100}
},
"building_100_12":
{
	"frame": {"x":1100,"y":0,"w":100,"h":100},
	"offset": {"x":0,"y":0,"w":100,"h":100},
	"sourceSize": {"w":100,"h":100}
},
"building_100_13":
{
	"frame": {"x":1200,"y":0,"w":100,"h":100},
	"offset": {"x":0,"y":0,"w":100,"h":100},
	"sourceSize": {"w":100,"h":100}
},
"g1047_prop_1":
{
	"frame": {"x":1300,"y":0,"w":200,"h":200},
	"offset": {"x":0,"y":0,"w":200,"h":200},
	"sourceSize": {"w":200,"h":200}
},
"g1047_prop_2":
{
	"frame": {"x":1500,"y":0,"w":200,"h":200},
	"offset": {"x":0,"y":0,"w":200,"h":200},
	"sourceSize": {"w":200,"h":200}
},
"g1047_prop_3":
{
	"frame": {"x":1700,"y":0,"w":200,"h":200},
	"offset": {"x":0,"y":0,"w":200,"h":200},
	"sourceSize": {"w":200,"h":200}
},
"g1047_prop_4":
{
	"frame": {"x":0,"y":200,"w":200,"h":200},
	"offset": {"x":0,"y":0,"w":200,"h":200},
	"sourceSize": {"w":200,"h":200}
},
"g1047_prop_5":
{
	"frame": {"x":200,"y":200,"w":200,"h":200},
	"offset": {"x":0,"y":0,"w":200,"h":200},
	"sourceSize": {"w":200,"h":200}
},
"g1047_prop_6":
{
	"frame": {"x":400,"y":200,"w":200,"h":200},
	"offset": {"x":0,"y":0,"w":200,"h":200},
	"sourceSize": {"w":200,"h":200}
},
"g1047_prop_7":
{
	"frame": {"x":600,"y":200,"w":200,"h":200},
	"offset": {"x":0,"y":0,"w":200,"h":200},
	"sourceSize": {"w":200,"h":200}
},
"g1047_prop_8":
{
	"frame": {"x":800,"y":200,"w":200,"h":200},
	"offset": {"x":0,"y":0,"w":200,"h":200},
	"sourceSize": {"w":200,"h":200}
},
"g1047_prop_9":
{
	"frame": {"x":1000,"y":200,"w":200,"h":200},
	"offset": {"x":0,"y":0,"w":200,"h":200},
	"sourceSize": {"w":200,"h":200}
},
"g1047_prop_10":
{
	"frame": {"x":1200,"y":200,"w":200,"h":200},
	"offset": {"x":0,"y":0,"w":200,"h":200},
	"sourceSize": {"w":200,"h":200}
},
"g1047_prop_11":
{
	"frame": {"x":1400,"y":200,"w":200,"h":200},
	"offset": {"x":0,"y":0,"w":200,"h":200},
	"sourceSize": {"w":200,"h":200}
},
"g1047_prop_12":
{
	"frame": {"x":1600,"y":200,"w":200,"h":200},
	"offset": {"x":0,"y":0,"w":200,"h":200},
	"sourceSize": {"w":200,"h":200}
},
"g1047_prop_13":
{
	"frame": {"x":1800,"y":200,"w":200,"h":200},
	"offset": {"x":0,"y":0,"w":200,"h":200},
	"sourceSize": {"w":200,"h":200}
},
"g1047_prop_14":
{
	"frame": {"x":0,"y":400,"w":200,"h":200},
	"offset": {"x":0,"y":0,"w":200,"h":200},
	"sourceSize": {"w":200,"h":200}
},
"g1047_prop_15":
{
	"frame": {"x":200,"y":400,"w":200,"h":200},
	"offset": {"x":0,"y":0,"w":200,"h":200},
	"sourceSize": {"w":200,"h":200}
},
"g1047_prop_16":
{
	"frame": {"x":400,"y":400,"w":200,"h":200},
	"offset": {"x":0,"y":0,"w":200,"h":200},
	"sourceSize": {"w":200,"h":200}
},
"g1047_prop_17":
{
	"frame": {"x":600,"y":400,"w":200,"h":200},
	"offset": {"x":0,"y":0,"w":200,"h":200},
	"sourceSize": {"w":200,"h":200}
},
"g1047_prop_18":
{
	"frame": {"x":800,"y":400,"w":200,"h":200},
	"offset": {"x":0,"y":0,"w":200,"h":200},
	"sourceSize": {"w":200,"h":200}
},
"g1047_prop_19":
{
	"frame": {"x":1000,"y":400,"w":200,"h":200},
	"offset": {"x":0,"y":0,"w":200,"h":200},
	"sourceSize": {"w":200,"h":200}
},
"g1047_prop_20":
{
	"frame": {"x":1200,"y":400,"w":200,"h":200},
	"offset": {"x":0,"y":0,"w":200,"h":200},
	"sourceSize": {"w":200,"h":200}
},
"g1047_prop_21":
{
	"frame": {"x":1400,"y":400,"w":200,"h":200},
	"offset": {"x":0,"y":0,"w":200,"h":200},
	"sourceSize": {"w":200,"h":200}
},
"g1047_prop_22":
{
	"frame": {"x":1600,"y":400,"w":200,"h":200},
	"offset": {"x":0,"y":0,"w":200,"h":200},
	"sourceSize": {"w":200,"h":200}
},
"g1047_prop_23":
{
	"frame": {"x":1800,"y":400,"w":200,"h":200},
	"offset": {"x":0,"y":0,"w":200,"h":200},
	"sourceSize": {"w":200,"h":200}
},
"g1047_prop_24":
{
	"frame": {"x":0,"y":600,"w":200,"h":200},
	"offset": {"x":0,"y":0,"w":200,"h":200},
	"sourceSize": {"w":200,"h":200}
},
"g1047_prop_25":
{
	"frame": {"x":200,"y":600,"w":200,"h":200},
	"offset": {"x":0,"y":0,"w":200,"h":200},
	"sourceSize": {"w":200,"h":200}
},
"g1047_prop_26":
{
	"frame": {"x":400,"y":600,"w":200,"h":200},
	"offset": {"x":0,"y":0,"w":200,"h":200},
	"sourceSize": {"w":200,"h":200}
},
"g1047_prop_27":
{
	"frame": {"x":600,"y":600,"w":200,"h":200},
	"offset": {"x":0,"y":0,"w":200,"h":200},
	"sourceSize": {"w":200,"h":200}
},
"g1047_prop_28":
{
	"frame": {"x":800,"y":600,"w":200,"h":200},
	"offset": {"x":0,"y":0,"w":200,"h":200},
	"sourceSize": {"w":200,"h":200}
},
"g1047_prop_29":
{
	"frame": {"x":1000,"y":600,"w":200,"h":200},
	"offset": {"x":0,"y":0,"w":200,"h":200},
	"sourceSize": {"w":200,"h":200}
},
"landscape_100_01":
{
	"frame": {"x":1200,"y":600,"w":100,"h":100},
	"offset": {"x":0,"y":0,"w":100,"h":100},
	"sourceSize": {"w":100,"h":100}
},
"landscape_100_02":
{
	"frame": {"x":1300,"y":600,"w":100,"h":100},
	"offset": {"x":0,"y":0,"w":100,"h":100},
	"sourceSize": {"w":100,"h":100}
},
"landscape_100_03":
{
	"frame": {"x":1400,"y":600,"w":100,"h":100},
	"offset": {"x":0,"y":0,"w":100,"h":100},
	"sourceSize": {"w":100,"h":100}
},
"landscape_100_04":
{
	"frame": {"x":1500,"y":600,"w":100,"h":100},
	"offset": {"x":0,"y":0,"w":100,"h":100},
	"sourceSize": {"w":100,"h":100}
},
"landscape_100_05":
{
	"frame": {"x":1600,"y":600,"w":100,"h":100},
	"offset": {"x":0,"y":0,"w":100,"h":100},
	"sourceSize": {"w":100,"h":100}
},
"landscape_100_06":
{
	"frame": {"x":1700,"y":600,"w":100,"h":100},
	"offset": {"x":0,"y":0,"w":100,"h":100},
	"sourceSize": {"w":100,"h":100}
},
"landscape_100_07":
{
	"frame": {"x":1800,"y":600,"w":100,"h":100},
	"offset": {"x":0,"y":0,"w":100,"h":100},
	"sourceSize": {"w":100,"h":100}
},
"landscape_100_08":
{
	"frame": {"x":1900,"y":600,"w":100,"h":100},
	"offset": {"x":0,"y":0,"w":100,"h":100},
	"sourceSize": {"w":100,"h":100}
},
"landscape_100_09":
{
	"frame": {"x":0,"y":800,"w":100,"h":100},
	"offset": {"x":0,"y":0,"w":100,"h":100},
	"sourceSize": {"w":100,"h":100}
},
"landscape_100_10":
{
	"frame": {"x":100,"y":800,"w":100,"h":100},
	"offset": {"x":0,"y":0,"w":100,"h":100},
	"sourceSize": {"w":100,"h":100}
},
"town_100_01":
{
	"frame": {"x":200,"y":800,"w":100,"h":100},
	"offset": {"x":0,"y":0,"w":100,"h":100},
	"sourceSize": {"w":100,"h":100}
},
"town_100_02":
{
	"frame": {"x":300,"y":800,"w":100,"h":100},
	"offset": {"x":0,"y":0,"w":100,"h":100},
	"sourceSize": {"w":100,"h":100}
},
"town_100_03":
{
	"frame": {"x":400,"y":800,"w":100,"h":100},
	"offset": {"x":0,"y":0,"w":100,"h":100},
	"sourceSize": {"w":100,"h":100}
},
"town_100_04":
{
	"frame": {"x":500,"y":800,"w":100,"h":100},
	"offset": {"x":0,"y":0,"w":100,"h":100},
	"sourceSize": {"w":100,"h":100}
},
"town_100_05":
{
	"frame": {"x":600,"y":800,"w":100,"h":100},
	"offset": {"x":0,"y":0,"w":100,"h":100},
	"sourceSize": {"w":100,"h":100}
},
"wing_01":
{
	"frame": {"x":700,"y":800,"w":100,"h":100},
	"offset": {"x":0,"y":0,"w":100,"h":100},
	"sourceSize": {"w":100,"h":100}
},
"wing_02":
{
	"frame": {"x":800,"y":800,"w":100,"h":100},
	"offset": {"x":0,"y":0,"w":100,"h":100},
	"sourceSize": {"w":100,"h":100}
},
"wing_03":
{
	"frame": {"x":900,"y":800,"w":100,"h":100},
	"offset": {"x":0,"y":0,"w":100,"h":100},
	"sourceSize": {"w":100,"h":100}
},
"wing_04":
{
	"frame": {"x":1000,"y":800,"w":100,"h":100},
	"offset": {"x":0,"y":0,"w":100,"h":100},
	"sourceSize": {"w":100,"h":100}
}},
"meta": {
	"app": "https://www.codeandweb.com/texturepacker",
	"version": "1.0",
	"image": "blockcity_items.png",
	"format": "RGBA8888",
	"size": {"w":2048,"h":1024},
	"scale": "1"
}
}
